student_ID,Age,daily_screen_time_hours,social_media_hours,online_study_hours,gaming_hours,sleep_hours,attendance_percentage,offline_study_hours,previous_sem_CGPA,current_sem_CGPA,Gender_Male
S011,0.75,0.3666666666666666,0.375,0.6333333333333333,0.33333333333333326,0.6000000000000001,0.5714285714285714,0.5333333333333334,0.5714285714285716,0.5714285714285714,False
S012,0.875,0.15000000000000002,0.16666666666666663,0.8499999999999999,0.16666666666666663,0.9428571428571431,0.5714285714285714,0.5333333333333334,0.5667447306791569,0.5667447306791569,False
S013,0.125,0.65,0.6666666666666667,0.35,0.6666666666666667,0.6000000000000001,0.30952380952380953,0.33333333333333326,0.32084309133489475,0.3208430913348945,False
S014,0.0,0.9999999999999999,1.0,0.0,1.0,0.25714285714285734,0.19047619047619047,0.19999999999999996,0.18735362997658078,0.18735362997658078,True
S015,0.75,0.6166666666666666,0.625,0.3833333333333333,0.5833333333333333,0.40000000000000013,0.33333333333333326,0.33333333333333326,0.34426229508196715,0.34426229508196715,False
S016,1.0,0.6,0.5833333333333333,0.39999999999999997,0.5833333333333333,0.5428571428571431,0.30952380952380953,0.33333333333333326,0.3185011709601875,0.3185011709601875,True
S017,1.0,0.016666666666666607,0.0,0.9833333333333334,0.0,0.7999999999999998,0.976190476190476,0.9333333333333336,0.9789227166276346,0.9789227166276344,False
S018,0.875,0.09999999999999998,0.08333333333333326,0.9,0.08333333333333326,0.7714285714285714,0.857142857142857,0.8666666666666667,0.8594847775175645,0.8594847775175642,True
S019,0.125,0.16666666666666663,0.16666666666666663,0.8333333333333333,0.16666666666666663,0.657142857142857,0.7142857142857142,0.7333333333333334,0.7213114754098362,0.721311475409836,False
S020,0.125,0.5166666666666665,0.5,0.4833333333333333,0.5,0.37142857142857144,0.45238095238095233,0.4666666666666668,0.459016393442623,0.459016393442623,False
S021,0.75,0.9,0.9166666666666665,0.09999999999999999,0.9166666666666665,0.40000000000000013,0.16666666666666652,0.19999999999999996,0.18266978922716626,0.18266978922716626,False
S022,0.5,0.04999999999999993,0.04166666666666663,0.95,0.08333333333333326,0.7428571428571429,0.6904761904761905,0.6666666666666665,0.6908665105386418,0.6908665105386416,False
S023,0.0,0.35,0.33333333333333326,0.6499999999999999,0.33333333333333326,0.5142857142857142,0.38095238095238093,0.3999999999999999,0.38407494145198817,0.3840749414519906,True
S024,0.25,0.9833333333333333,1.0,0.016666666666666666,1.0,0.08571428571428585,0.23809523809523792,0.26666666666666683,0.23419203747072603,0.23419203747072603,True
S025,0.75,0.7166666666666667,0.7083333333333333,0.2833333333333333,0.75,0.25714285714285734,0.23809523809523792,0.26666666666666683,0.24121779859484782,0.24121779859484782,False
S026,0.0,0.1166666666666667,0.12499999999999989,0.8833333333333333,0.08333333333333326,0.8285714285714287,0.9523809523809523,0.9333333333333336,0.9437939110070259,0.9437939110070257,False
S027,0.625,0.3666666666666666,0.375,0.6333333333333333,0.33333333333333326,0.5714285714285716,0.4999999999999998,0.4666666666666668,0.49180327868852225,0.49180327868852447,True
S028,0.0,0.5666666666666668,0.5833333333333333,0.43333333333333335,0.5833333333333333,0.7142857142857144,0.40476190476190466,0.3999999999999999,0.41217798594847777,0.41217798594847777,True
S029,0.25,0.5666666666666668,0.5833333333333333,0.43333333333333335,0.5833333333333333,0.48571428571428577,0.5238095238095237,0.5333333333333334,0.5222482435597191,0.5222482435597191,True
S030,0.5,0.9,0.9166666666666665,0.09999999999999999,0.9166666666666665,0.22857142857142865,0.1428571428571428,0.1333333333333333,0.14519906323185028,0.14519906323185006,True
S031,0.25,0.6,0.5833333333333333,0.39999999999999997,0.5833333333333333,0.37142857142857144,0.45238095238095233,0.4666666666666668,0.45667447306791575,0.45667447306791575,False
S032,0.625,0.8833333333333334,0.875,0.11666666666666665,0.9166666666666665,0.11428571428571455,0.19047619047619047,0.19999999999999996,0.1896955503512856,0.18969555035128782,False
S033,0.75,0.8000000000000002,0.7916666666666667,0.19999999999999998,0.8333333333333333,0.37142857142857144,0.04761904761904745,0.06666666666666665,0.0562060889929743,0.0562060889929743,False
S034,0.375,0.35,0.33333333333333326,0.6499999999999999,0.33333333333333326,0.40000000000000013,0.5476190476190474,0.5333333333333334,0.5597189695550329,0.5597189695550351,True
S035,0.5,0.8666666666666666,0.875,0.13333333333333333,0.8333333333333333,0.22857142857142865,0.0,0.0,0.0023419203747072626,0.0023419203747072626,True
S036,0.875,0.1166666666666667,0.12499999999999989,0.8833333333333333,0.08333333333333326,0.9714285714285715,0.6904761904761905,0.6666666666666665,0.6978922716627634,0.6978922716627636,True
S037,0.125,0.4,0.41666666666666674,0.6,0.41666666666666674,0.40000000000000013,0.30952380952380953,0.33333333333333326,0.3231850117096018,0.3231850117096018,True
S038,0.125,0.29999999999999993,0.2916666666666665,0.7,0.33333333333333326,0.6000000000000001,0.6666666666666665,0.6666666666666665,0.6721311475409837,0.6721311475409835,False
S039,0.25,0.41666666666666663,0.41666666666666674,0.5833333333333333,0.41666666666666674,0.4285714285714286,0.30952380952380953,0.33333333333333326,0.31381733021077274,0.31381733021077274,False
S040,0.375,0.15000000000000002,0.16666666666666663,0.8499999999999999,0.16666666666666663,1.0,0.7619047619047616,0.7333333333333334,0.7681498829039815,0.7681498829039812,True
S041,0.5,0.7666666666666665,0.75,0.2333333333333333,0.75,0.3142857142857143,0.0714285714285714,0.06666666666666665,0.0725995316159227,0.07259953161592492,False
S042,1.0,0.9833333333333333,1.0,0.016666666666666666,1.0,0.34285714285714297,0.11904761904761885,0.1333333333333333,0.12177985948477521,0.12177985948477743,False
S043,0.25,0.4999999999999999,0.5,0.5,0.5,0.657142857142857,0.4999999999999998,0.4666666666666668,0.49882903981264626,0.49882903981264626,False
S044,1.0,0.5166666666666665,0.5,0.4833333333333333,0.5,0.5714285714285716,0.357142857142857,0.3999999999999999,0.36768149882904,0.3676814988290398,True
S045,1.0,0.4,0.41666666666666674,0.6,0.41666666666666674,0.657142857142857,0.45238095238095233,0.4666666666666668,0.44964871194379397,0.44964871194379397,False
S046,1.0,0.9166666666666666,0.9166666666666665,0.08333333333333333,0.9166666666666665,0.11428571428571455,0.26190476190476186,0.26666666666666683,0.26697892271662527,0.2669789227166275,False
S047,0.5,0.5333333333333333,0.5416666666666665,0.4666666666666666,0.5,0.3142857142857143,0.357142857142857,0.3999999999999999,0.3723653395784543,0.3723653395784543,False
S048,0.375,0.6333333333333332,0.625,0.3666666666666667,0.6666666666666667,0.4285714285714286,0.40476190476190466,0.3999999999999999,0.40046838407494145,0.40046838407494145,False
S049,0.875,0.4,0.41666666666666674,0.6,0.41666666666666674,0.657142857142857,0.5476190476190474,0.5333333333333334,0.5550351288056206,0.5550351288056206,False
S050,0.25,0.9,0.9166666666666665,0.09999999999999999,0.9166666666666665,0.0,0.16666666666666652,0.19999999999999996,0.18501170960187352,0.18501170960187352,True
S051,0.25,0.0,0.0,1.0,0.0,0.7999999999999998,0.6190476190476188,0.6000000000000001,0.6135831381732999,0.6135831381733019,False
S052,0.375,0.9999999999999999,1.0,0.0,1.0,0.0,0.04761904761904745,0.06666666666666665,0.05386416861826704,0.05386416861826704,False
S053,0.25,0.65,0.6666666666666667,0.35,0.6666666666666667,0.5714285714285716,0.5476190476190474,0.5333333333333334,0.5433255269320845,0.5433255269320845,False
S054,0.625,0.2666666666666666,0.25,0.7333333333333334,0.25,1.0,0.6428571428571428,0.6666666666666665,0.6533957845433256,0.6533957845433254,False
S055,0.5,0.6333333333333332,0.625,0.3666666666666667,0.6666666666666667,0.5142857142857142,0.5238095238095237,0.5333333333333334,0.5269320843091334,0.5269320843091334,False
S056,0.0,0.7166666666666667,0.7083333333333333,0.2833333333333333,0.75,0.0,0.0714285714285714,0.1333333333333333,0.08665105386416871,0.08665105386416871,False
S057,1.0,0.9333333333333332,0.9166666666666665,0.06666666666666667,0.9166666666666665,0.40000000000000013,0.2857142857142856,0.26666666666666683,0.29039812646370033,0.29039812646370033,True
S058,0.0,0.9333333333333332,0.9166666666666665,0.06666666666666667,0.9166666666666665,0.40000000000000013,0.11904761904761885,0.1333333333333333,0.13114754098360426,0.13114754098360648,False
S059,0.125,0.29999999999999993,0.2916666666666665,0.7,0.33333333333333326,0.9428571428571431,0.7142857142857142,0.7333333333333334,0.7189695550351287,0.7189695550351289,True
S060,0.125,0.4,0.41666666666666674,0.6,0.41666666666666674,0.6857142857142859,0.5476190476190474,0.5333333333333334,0.5409836065573748,0.540983606557377,False
S061,0.125,0.6666666666666666,0.6666666666666667,0.3333333333333333,0.6666666666666667,0.11428571428571455,0.09523809523809512,0.1333333333333333,0.11007025761124112,0.11007025761124112,False
S062,0.75,0.7333333333333333,0.75,0.26666666666666666,0.75,0.3142857142857143,0.2142857142857142,0.19999999999999996,0.21311475409836067,0.21311475409836067,False
S063,0.75,0.8166666666666668,0.8333333333333333,0.18333333333333335,0.8333333333333333,0.40000000000000013,0.26190476190476186,0.26666666666666683,0.26463700234192045,0.2646370023419202,True
S064,0.75,0.6333333333333332,0.625,0.3666666666666667,0.6666666666666667,0.3142857142857143,0.357142857142857,0.33333333333333326,0.35831381733021095,0.3583138173302107,True
S065,0.25,0.3833333333333332,0.375,0.6166666666666667,0.41666666666666674,0.5428571428571431,0.33333333333333326,0.33333333333333326,0.3302107728337238,0.3302107728337236,True
S066,0.625,0.15000000000000002,0.16666666666666663,0.8499999999999999,0.16666666666666663,0.9428571428571431,0.9999999999999998,1.0,0.9976580796252927,0.9976580796252925,True
S067,0.0,0.033333333333333326,0.04166666666666663,0.9666666666666666,0.0,0.7142857142857144,0.9285714285714286,0.9333333333333336,0.9250585480093678,0.9250585480093676,False
S068,0.625,0.7666666666666665,0.75,0.2333333333333333,0.75,0.25714285714285734,0.04761904761904745,0.06666666666666665,0.06557377049180335,0.06557377049180335,True
S069,0.375,0.20000000000000007,0.20833333333333337,0.7999999999999999,0.16666666666666663,0.8571428571428572,0.7380952380952379,0.7333333333333334,0.730679156908665,0.730679156908665,False
S070,0.875,0.9833333333333333,1.0,0.016666666666666666,1.0,0.14285714285714302,0.1428571428571428,0.19999999999999996,0.15690866510538637,0.15690866510538637,True
S071,0.5,0.43333333333333324,0.41666666666666674,0.5666666666666667,0.41666666666666674,0.40000000000000013,0.4999999999999998,0.5333333333333334,0.51288056206089,0.51288056206089,False
S072,0.0,0.8333333333333334,0.8333333333333333,0.16666666666666666,0.8333333333333333,0.17142857142857149,0.2142857142857142,0.19999999999999996,0.2107728337236534,0.2107728337236534,True
S073,0.5,0.25,0.25,0.75,0.25,0.8857142857142857,0.8095238095238095,0.7999999999999998,0.7962529274004682,0.7962529274004684,True
S074,0.75,0.9499999999999998,0.9583333333333333,0.049999999999999996,0.9166666666666665,0.22857142857142865,0.2142857142857142,0.26666666666666683,0.22482435597189698,0.22482435597189698,True
S075,0.5,0.25,0.25,0.75,0.25,0.8857142857142857,0.7142857142857142,0.6666666666666665,0.7049180327868854,0.7049180327868851,True
S076,0.5,0.033333333333333326,0.04166666666666663,0.9666666666666666,0.0,0.8857142857142857,0.9523809523809523,0.9333333333333336,0.9391100702576114,0.9391100702576112,True
S077,0.625,0.35,0.33333333333333326,0.6499999999999999,0.33333333333333326,0.5714285714285716,0.4285714285714284,0.4666666666666668,0.4355971896955504,0.4355971896955504,True
S078,0.0,0.8833333333333334,0.875,0.11666666666666665,0.9166666666666665,0.0,0.0714285714285714,0.06666666666666665,0.07962529274004693,0.0796252927400467,False
S079,0.125,0.6666666666666666,0.6666666666666667,0.3333333333333333,0.6666666666666667,0.02857142857142847,0.04761904761904745,0.06666666666666665,0.049180327868852514,0.049180327868852514,True
S080,0.25,0.8666666666666666,0.875,0.13333333333333333,0.8333333333333333,0.34285714285714297,0.19047619047619047,0.19999999999999996,0.19437939110070257,0.19437939110070257,False
S081,0.0,0.1333333333333333,0.12499999999999989,0.8666666666666667,0.16666666666666663,0.9142857142857141,0.9285714285714286,0.8666666666666667,0.9180327868852463,0.918032786885246,True
S082,0.25,0.65,0.6666666666666667,0.35,0.6666666666666667,0.40000000000000013,0.357142857142857,0.3999999999999999,0.36299765807962525,0.36299765807962525,False
S083,0.125,0.6833333333333332,0.6666666666666667,0.31666666666666665,0.6666666666666667,0.14285714285714302,0.0,0.06666666666666665,0.021077283372365363,0.021077283372365363,True
S084,0.375,0.2833333333333333,0.2916666666666665,0.7166666666666666,0.25,0.8571428571428572,0.5952380952380951,0.6000000000000001,0.5948477751756418,0.5948477751756438,True
S085,0.875,0.8000000000000002,0.7916666666666667,0.19999999999999998,0.8333333333333333,0.08571428571428585,0.0714285714285714,0.1333333333333333,0.08665105386416871,0.08665105386416871,False
S086,0.75,0.5833333333333334,0.5833333333333333,0.41666666666666663,0.5833333333333333,0.34285714285714297,0.4999999999999998,0.5333333333333334,0.5105386416861804,0.5105386416861826,False
S087,0.75,0.33333333333333337,0.33333333333333326,0.6666666666666666,0.33333333333333326,0.657142857142857,0.5714285714285714,0.5333333333333334,0.5667447306791569,0.5667447306791569,True
S088,0.375,0.7333333333333333,0.75,0.26666666666666666,0.75,0.17142857142857149,0.0714285714285714,0.06666666666666665,0.0725995316159227,0.07259953161592492,False
S089,1.0,0.3833333333333332,0.375,0.6166666666666667,0.41666666666666674,0.3142857142857143,0.38095238095238093,0.3999999999999999,0.38875878220140514,0.38875878220140514,True
S090,0.25,0.08333333333333337,0.08333333333333326,0.9166666666666666,0.08333333333333326,0.9714285714285715,0.6904761904761905,0.6666666666666665,0.6885245901639345,0.6885245901639343,False
S091,0.375,0.6333333333333332,0.625,0.3666666666666667,0.6666666666666667,0.40000000000000013,0.4285714285714284,0.3999999999999999,0.43091334894613587,0.43091334894613587,True
S092,0.5,0.21666666666666667,0.20833333333333337,0.7833333333333333,0.25,0.9142857142857141,0.976190476190476,0.9333333333333336,0.9812646370023421,0.9812646370023419,False
S093,0.75,0.9666666666666667,0.9583333333333333,0.03333333333333333,1.0,0.02857142857142847,0.2857142857142856,0.33333333333333326,0.30210772833723665,0.3021077283372364,True
S094,0.0,0.35,0.33333333333333326,0.6499999999999999,0.33333333333333326,0.34285714285714297,0.33333333333333326,0.33333333333333326,0.3372365339578456,0.3372365339578456,True
S095,0.125,0.8333333333333334,0.8333333333333333,0.16666666666666666,0.8333333333333333,0.08571428571428585,0.11904761904761885,0.1333333333333333,0.12880562060889922,0.12880562060889922,True
S096,0.875,0.6999999999999998,0.7083333333333333,0.3,0.6666666666666667,0.02857142857142847,0.023809523809523725,0.06666666666666665,0.025761124121779888,0.025761124121779888,False
S097,1.0,0.8666666666666666,0.875,0.13333333333333333,0.8333333333333333,0.11428571428571455,0.26190476190476186,0.26666666666666683,0.26697892271662527,0.2669789227166275,True
S098,0.75,0.7499999999999999,0.75,0.25,0.75,0.02857142857142847,0.09523809523809512,0.1333333333333333,0.11475409836065587,0.11475409836065564,True
S099,0.375,0.25,0.25,0.75,0.25,0.7714285714285714,0.6904761904761905,0.6666666666666665,0.6932084309133488,0.693208430913349,False
S100,1.0,0.7666666666666665,0.75,0.2333333333333333,0.75,0.3142857142857143,0.23809523809523792,0.26666666666666683,0.25058548009367687,0.25058548009367687,True
S101,0.625,0.4833333333333333,0.5,0.5166666666666666,0.5,0.5142857142857142,0.33333333333333326,0.33333333333333326,0.32786885245901654,0.32786885245901654,False
S102,0.625,0.016666666666666607,0.0,0.9833333333333334,0.0,0.6000000000000001,0.9999999999999998,0.9333333333333336,0.9929742388758782,0.9929742388758784,True
S103,1.0,0.9999999999999999,1.0,0.0,1.0,0.22857142857142865,0.023809523809523725,0.06666666666666665,0.023419203747070183,0.023419203747072403,False
S104,0.5,0.16666666666666663,0.16666666666666663,0.8333333333333333,0.16666666666666663,0.6857142857142859,0.6428571428571428,0.6000000000000001,0.6393442622950818,0.639344262295082,False
S105,0.875,0.5833333333333334,0.5833333333333333,0.41666666666666663,0.5833333333333333,0.3142857142857143,0.5476190476190474,0.5333333333333334,0.5573770491803278,0.5573770491803278,False
S106,0.875,0.45000000000000007,0.4583333333333335,0.5499999999999999,0.41666666666666674,0.40000000000000013,0.47619047619047605,0.4666666666666668,0.4777517564402811,0.4777517564402811,False
S107,0.625,0.2333333333333334,0.25,0.7666666666666666,0.25,0.7142857142857144,0.6666666666666665,0.6666666666666665,0.6627634660421549,0.6627634660421546,True
S108,0.625,0.5333333333333333,0.5416666666666665,0.4666666666666666,0.5,0.6285714285714286,0.38095238095238093,0.3999999999999999,0.3911007025761124,0.3911007025761124,False
S109,0.875,0.41666666666666663,0.41666666666666674,0.5833333333333333,0.41666666666666674,0.6857142857142859,0.47619047619047605,0.4666666666666668,0.46838407494145207,0.46838407494145207,False
S110,0.625,0.8666666666666666,0.875,0.13333333333333333,0.8333333333333333,0.0,0.0,0.06666666666666665,0.014051522248241133,0.014051522248243353,True
S111,1.0,0.4833333333333333,0.5,0.5166666666666666,0.5,0.4571428571428571,0.5714285714285714,0.6000000000000001,0.5807962529274007,0.5807962529274004,False
S112,0.25,0.8333333333333334,0.8333333333333333,0.16666666666666666,0.8333333333333333,0.02857142857142847,0.16666666666666652,0.19999999999999996,0.1733021077283372,0.1733021077283372,True
S113,0.5,0.2666666666666666,0.25,0.7333333333333334,0.25,0.9428571428571431,0.5714285714285714,0.5333333333333334,0.5644028103044496,0.5644028103044496,True
S114,0.5,0.7499999999999999,0.75,0.25,0.75,0.25714285714285734,0.26190476190476186,0.26666666666666683,0.278688524590164,0.278688524590164,False
S115,0.25,0.85,0.8333333333333333,0.15,0.8333333333333333,0.20000000000000018,0.0714285714285714,0.06666666666666665,0.0749414519906324,0.0749414519906324,True
S116,0.875,0.6,0.5833333333333333,0.39999999999999997,0.5833333333333333,0.5714285714285716,0.357142857142857,0.3999999999999999,0.36768149882904,0.3676814988290398,True
S117,0.0,0.6666666666666666,0.6666666666666667,0.3333333333333333,0.6666666666666667,0.34285714285714297,0.1428571428571428,0.19999999999999996,0.1592505854800914,0.15925058548009363,False
S118,0.75,0.9666666666666667,0.9583333333333333,0.03333333333333333,1.0,0.34285714285714297,0.023809523809523725,0.06666666666666665,0.025761124121779888,0.025761124121779888,True
S119,0.625,0.7833333333333331,0.7916666666666667,0.21666666666666667,0.75,0.34285714285714297,0.19047619047619047,0.19999999999999996,0.19437939110070257,0.19437939110070257,False
S120,0.125,0.016666666666666607,0.0,0.9833333333333334,0.0,0.8285714285714287,0.7142857142857142,0.6666666666666665,0.7025761124121781,0.7025761124121779,False
S121,0.25,0.5499999999999999,0.5416666666666665,0.45,0.5833333333333333,0.6857142857142859,0.4285714285714284,0.3999999999999999,0.43091334894613587,0.43091334894613587,True
S122,0.0,0.9499999999999998,0.9583333333333333,0.049999999999999996,0.9166666666666665,0.40000000000000013,0.023809523809523725,0.06666666666666665,0.04449648711943799,0.04449648711943799,False
S123,0.25,0.06666666666666676,0.08333333333333326,0.9333333333333332,0.08333333333333326,0.8285714285714287,0.5476190476190474,0.5333333333333334,0.5597189695550329,0.5597189695550351,True
S124,0.875,0.1333333333333333,0.12499999999999989,0.8666666666666667,0.16666666666666663,0.6285714285714286,0.5952380952380951,0.6000000000000001,0.5995316159250588,0.5995316159250585,False
S125,0.125,0.18333333333333324,0.16666666666666663,0.8166666666666667,0.16666666666666663,0.9428571428571431,0.6904761904761905,0.6666666666666665,0.7002341920374706,0.7002341920374708,True
S126,0.625,0.20000000000000007,0.20833333333333337,0.7999999999999999,0.16666666666666663,0.657142857142857,0.5476190476190474,0.5333333333333334,0.5573770491803278,0.5573770491803278,True
S127,0.0,0.5499999999999999,0.5416666666666665,0.45,0.5833333333333333,0.4285714285714286,0.45238095238095233,0.4666666666666668,0.4543325526932085,0.4543325526932085,False
S128,0.625,0.33333333333333337,0.33333333333333326,0.6666666666666666,0.33333333333333326,0.3142857142857143,0.38095238095238093,0.3999999999999999,0.3957845433255269,0.3957845433255269,True
S129,0.375,0.5166666666666665,0.5,0.4833333333333333,0.5,0.4571428571428571,0.33333333333333326,0.33333333333333326,0.3489461358313819,0.3489461358313817,True
S130,0.625,0.08333333333333337,0.08333333333333326,0.9166666666666666,0.08333333333333326,1.0,0.8095238095238095,0.7999999999999998,0.8173302107728337,0.817330210772834,False
S131,0.875,0.6166666666666666,0.625,0.3833333333333333,0.5833333333333333,0.48571428571428577,0.40476190476190466,0.3999999999999999,0.40749414519906324,0.40749414519906324,True
S132,0.625,0.7166666666666667,0.7083333333333333,0.2833333333333333,0.75,0.22857142857142865,0.26190476190476186,0.26666666666666683,0.27166276346604223,0.27166276346604223,True
S133,0.75,0.4,0.41666666666666674,0.6,0.41666666666666674,0.6000000000000001,0.33333333333333326,0.33333333333333326,0.3348946135831359,0.3348946135831381,True
S134,0.0,0.8333333333333334,0.8333333333333333,0.16666666666666666,0.8333333333333333,0.22857142857142865,0.023809523809523725,0.06666666666666665,0.02810304449648715,0.02810304449648715,True
S135,0.375,0.6,0.5833333333333333,0.39999999999999997,0.5833333333333333,0.6285714285714286,0.4999999999999998,0.4666666666666668,0.49414519906323195,0.49414519906323195,True
S136,1.0,0.7333333333333333,0.75,0.26666666666666666,0.75,0.25714285714285734,0.16666666666666652,0.19999999999999996,0.17096018735363017,0.17096018735362994,True
S137,0.625,0.3666666666666666,0.375,0.6333333333333333,0.33333333333333326,0.5428571428571431,0.47619047619047605,0.4666666666666668,0.48711943793911017,0.48711943793911017,True
S138,0.75,0.9333333333333332,0.9166666666666665,0.06666666666666667,0.9166666666666665,0.08571428571428585,0.0,0.0,0.0023419203747072626,0.0023419203747072626,False
S139,0.75,0.16666666666666663,0.16666666666666663,0.8333333333333333,0.16666666666666663,0.6857142857142859,0.6190476190476188,0.6000000000000001,0.6252927400468384,0.6252927400468384,True
S140,0.875,0.08333333333333337,0.08333333333333326,0.9166666666666666,0.08333333333333326,0.7428571428571429,0.7857142857142854,0.7333333333333334,0.7845433255269321,0.7845433255269318,True
S141,0.625,0.9,0.9166666666666665,0.09999999999999999,0.9166666666666665,0.40000000000000013,0.16666666666666652,0.19999999999999996,0.17564402810304447,0.17564402810304447,True
S142,0.875,0.4833333333333333,0.5,0.5166666666666666,0.5,0.6285714285714286,0.4999999999999998,0.5333333333333334,0.5081967213114753,0.5081967213114753,False
S143,0.375,0.2833333333333333,0.2916666666666665,0.7166666666666666,0.25,0.657142857142857,0.9047619047619044,0.8666666666666667,0.8992974238875882,0.8992974238875879,True
S144,0.625,0.20000000000000007,0.20833333333333337,0.7999999999999999,0.16666666666666663,0.7999999999999998,0.8809523809523807,0.8666666666666667,0.8829039812646371,0.8829039812646369,True
S145,0.0,0.4999999999999999,0.5,0.5,0.5,0.4285714285714286,0.5714285714285714,0.5333333333333334,0.5667447306791569,0.5667447306791569,False
S146,0.875,0.33333333333333337,0.33333333333333326,0.6666666666666666,0.33333333333333326,0.3142857142857143,0.33333333333333326,0.33333333333333326,0.3419203747072599,0.3419203747072599,False
S147,0.875,0.08333333333333337,0.08333333333333326,0.9166666666666666,0.08333333333333326,0.5714285714285716,0.5952380952380951,0.6000000000000001,0.6042154566744731,0.6042154566744731,False
S148,0.5,0.41666666666666663,0.41666666666666674,0.5833333333333333,0.41666666666666674,0.6857142857142859,0.40476190476190466,0.3999999999999999,0.4028103044496487,0.4028103044496487,False
S149,0.875,0.9833333333333333,1.0,0.016666666666666666,1.0,0.17142857142857149,0.04761904761904745,0.06666666666666665,0.06323185011709365,0.06323185011709587,False
S150,0.5,0.5666666666666668,0.5833333333333333,0.43333333333333335,0.5833333333333333,0.34285714285714297,0.5476190476190474,0.5333333333333334,0.5409836065573748,0.540983606557377,False
S151,0.375,0.8000000000000002,0.7916666666666667,0.19999999999999998,0.8333333333333333,0.08571428571428585,0.23809523809523792,0.26666666666666683,0.25058548009367687,0.25058548009367687,True
S152,0.875,0.8833333333333334,0.875,0.11666666666666665,0.9166666666666665,0.34285714285714297,0.11904761904761885,0.1333333333333333,0.11943793911007017,0.11943793911007017,False
S153,1.0,0.9,0.9166666666666665,0.09999999999999999,0.9166666666666665,0.22857142857142865,0.19047619047619047,0.19999999999999996,0.1896955503512856,0.18969555035128782,True
S154,0.875,0.9,0.9166666666666665,0.09999999999999999,0.9166666666666665,0.22857142857142865,0.11904761904761885,0.1333333333333333,0.11709601873536313,0.1170960187353629,True
S155,0.875,0.5499999999999999,0.5416666666666665,0.45,0.5833333333333333,0.4285714285714286,0.4285714285714284,0.3999999999999999,0.42622950819672134,0.42622950819672134,False
S156,0.75,0.1333333333333333,0.12499999999999989,0.8666666666666667,0.16666666666666663,0.8285714285714287,0.9047619047619044,0.8666666666666667,0.9110070257611238,0.9110070257611245,True
S157,0.75,0.7833333333333331,0.7916666666666667,0.21666666666666667,0.75,0.14285714285714302,0.04761904761904745,0.06666666666666665,0.04683840749414525,0.04683840749414525,True
S158,0.0,0.033333333333333326,0.04166666666666663,0.9666666666666666,0.0,0.8857142857142857,0.8095238095238095,0.7999999999999998,0.8056206088992977,0.8056206088992974,False
S159,0.375,0.8166666666666668,0.8333333333333333,0.18333333333333335,0.8333333333333333,0.37142857142857144,0.023809523809523725,0.06666666666666665,0.03278688524589923,0.032786885245901454,False
S160,0.125,0.4999999999999999,0.5,0.5,0.5,0.48571428571428577,0.45238095238095233,0.4666666666666668,0.45667447306791575,0.45667447306791575,True
S161,0.375,0.6333333333333332,0.625,0.3666666666666667,0.6666666666666667,0.5142857142857142,0.4999999999999998,0.4666666666666668,0.49882903981264626,0.49882903981264626,True
S162,0.875,0.9666666666666667,0.9583333333333333,0.03333333333333333,1.0,0.08571428571428585,0.09523809523809512,0.1333333333333333,0.10538641686182681,0.10538641686182659,False
S163,0.375,0.09999999999999998,0.08333333333333326,0.9,0.08333333333333326,0.8857142857142857,0.6666666666666665,0.6666666666666665,0.6580796252927399,0.6580796252927401,True
S164,1.0,0.9166666666666666,0.9166666666666665,0.08333333333333333,0.9166666666666665,0.057142857142857384,0.2142857142857142,0.19999999999999996,0.21545667447306793,0.21545667447306793,False
S165,0.0,0.08333333333333337,0.08333333333333326,0.9166666666666666,0.08333333333333326,0.9428571428571431,0.5952380952380951,0.6000000000000001,0.5878220140515222,0.5878220140515222,False
S166,1.0,0.2333333333333334,0.25,0.7666666666666666,0.25,0.657142857142857,0.6190476190476188,0.6000000000000001,0.6159250585480094,0.6159250585480096,True
S167,1.0,0.8666666666666666,0.875,0.13333333333333333,0.8333333333333333,0.25714285714285734,0.1428571428571428,0.19999999999999996,0.15690866510538637,0.15690866510538637,True
S168,0.25,0.33333333333333337,0.33333333333333326,0.6666666666666666,0.33333333333333326,0.2857142857142858,0.5238095238095237,0.5333333333333334,0.5292740046838407,0.5292740046838407,True
S169,0.125,0.41666666666666663,0.41666666666666674,0.5833333333333333,0.41666666666666674,0.6857142857142859,0.5476190476190474,0.5333333333333334,0.5480093676814988,0.5480093676814988,True
S170,0.625,0.7333333333333333,0.75,0.26666666666666666,0.75,0.08571428571428585,0.11904761904761885,0.1333333333333333,0.13817330210772827,0.13817330210772827,False
S171,0.0,0.5833333333333334,0.5833333333333333,0.41666666666666663,0.5833333333333333,0.3142857142857143,0.357142857142857,0.33333333333333326,0.35128805620608894,0.35128805620608894,True
S172,0.0,0.5833333333333334,0.5833333333333333,0.41666666666666663,0.5833333333333333,0.2857142857142858,0.47619047619047605,0.4666666666666668,0.4824355971896932,0.4824355971896954,True
S173,0.875,0.9833333333333333,1.0,0.016666666666666666,1.0,0.22857142857142865,0.1428571428571428,0.1333333333333333,0.1405152224824333,0.14051522248243553,True
S174,0.875,0.29999999999999993,0.2916666666666665,0.7,0.33333333333333326,0.7428571428571429,0.6904761904761905,0.6666666666666665,0.68384074941452,0.6838407494145198,True
S175,0.25,0.35,0.33333333333333326,0.6499999999999999,0.33333333333333326,0.5428571428571431,0.4285714285714284,0.4666666666666668,0.4355971896955504,0.4355971896955504,False
S176,0.0,0.29999999999999993,0.2916666666666665,0.7,0.33333333333333326,0.7999999999999998,0.8809523809523807,0.8666666666666667,0.873536299765808,0.8735362997658083,False
S177,0.75,0.4999999999999999,0.5,0.5,0.5,0.34285714285714297,0.5238095238095237,0.5333333333333334,0.5199063231850116,0.5199063231850116,True
S178,0.0,0.7499999999999999,0.75,0.25,0.75,0.37142857142857144,0.0714285714285714,0.1333333333333333,0.08196721311475175,0.08196721311475397,True
S179,0.0,0.9833333333333333,1.0,0.016666666666666666,1.0,0.37142857142857144,0.23809523809523792,0.26666666666666683,0.2552693208430914,0.2552693208430912,True
S180,0.625,0.21666666666666667,0.20833333333333337,0.7833333333333333,0.25,0.8571428571428572,0.6428571428571428,0.6666666666666665,0.6463700234192038,0.6463700234192036,True
S181,0.125,0.8000000000000002,0.7916666666666667,0.19999999999999998,0.8333333333333333,0.2857142857142858,0.04761904761904745,0.06666666666666665,0.05386416861826704,0.05386416861826704,True
S182,0.375,0.25,0.25,0.75,0.25,0.9428571428571431,0.8809523809523807,0.8666666666666667,0.8758782201405151,0.8758782201405153,True
S183,0.75,0.1333333333333333,0.12499999999999989,0.8666666666666667,0.16666666666666663,0.7142857142857144,0.7380952380952379,0.7333333333333334,0.728337236533958,0.7283372365339575,False
S184,0.375,0.08333333333333337,0.08333333333333326,0.9166666666666666,0.08333333333333326,0.5714285714285716,0.6428571428571428,0.6000000000000001,0.6370023419203747,0.6370023419203747,True
S185,0.125,0.41666666666666663,0.41666666666666674,0.5833333333333333,0.41666666666666674,0.6285714285714286,0.5476190476190474,0.5333333333333334,0.5550351288056206,0.5550351288056206,True
S186,1.0,0.5833333333333334,0.5833333333333333,0.41666666666666663,0.5833333333333333,0.5428571428571431,0.38095238095238093,0.3999999999999999,0.3793911007025761,0.3793911007025761,False
S187,0.0,0.8666666666666666,0.875,0.13333333333333333,0.8333333333333333,0.4285714285714286,0.04761904761904745,0.06666666666666665,0.06791569086651061,0.06791569086651061,False
S188,0.125,0.5666666666666668,0.5833333333333333,0.43333333333333335,0.5833333333333333,0.48571428571428577,0.5714285714285714,0.6000000000000001,0.5807962529274007,0.5807962529274004,True
S189,0.75,0.5166666666666665,0.5,0.4833333333333333,0.5,0.5714285714285716,0.4999999999999998,0.5333333333333334,0.51288056206089,0.51288056206089,True
S190,0.125,0.1333333333333333,0.12499999999999989,0.8666666666666667,0.16666666666666663,1.0,0.9285714285714286,0.9333333333333336,0.9297423887587819,0.9297423887587826,True
S191,0.375,0.6833333333333332,0.6666666666666667,0.31666666666666665,0.6666666666666667,0.22857142857142865,0.23809523809523792,0.26666666666666683,0.25058548009367687,0.25058548009367687,True
S192,0.75,0.2666666666666666,0.25,0.7333333333333334,0.25,0.8571428571428572,0.8095238095238095,0.7999999999999998,0.7985948477751761,0.7985948477751759,True
S193,0.875,0.016666666666666607,0.0,0.9833333333333334,0.0,0.9714285714285715,0.5952380952380951,0.6000000000000001,0.6018735362997658,0.6018735362997658,False
S194,0.5,0.6,0.5833333333333333,0.39999999999999997,0.5833333333333333,0.37142857142857144,0.4999999999999998,0.4666666666666668,0.49180327868852225,0.49180327868852447,False
S195,0.0,0.7666666666666665,0.75,0.2333333333333333,0.75,0.14285714285714302,0.11904761904761885,0.1333333333333333,0.12880562060889922,0.12880562060889922,True
S196,0.375,0.08333333333333337,0.08333333333333326,0.9166666666666666,0.08333333333333326,0.6000000000000001,0.9047619047619044,0.8666666666666667,0.8992974238875882,0.8992974238875879,True
S197,0.875,0.7166666666666667,0.7083333333333333,0.2833333333333333,0.75,0.40000000000000013,0.16666666666666652,0.19999999999999996,0.18501170960187352,0.18501170960187352,False
S198,0.25,0.1333333333333333,0.12499999999999989,0.8666666666666667,0.16666666666666663,0.6857142857142859,0.7619047619047616,0.7333333333333334,0.765807962529274,0.7658079625292737,True
S199,1.0,0.8333333333333334,0.8333333333333333,0.16666666666666666,0.8333333333333333,0.40000000000000013,0.26190476190476186,0.26666666666666683,0.2576112412177962,0.25761124121779844,False
S200,1.0,0.4666666666666667,0.4583333333333335,0.5333333333333333,0.5,0.4285714285714286,0.40476190476190466,0.3999999999999999,0.40046838407494145,0.40046838407494145,True
S201,0.125,0.6833333333333332,0.6666666666666667,0.31666666666666665,0.6666666666666667,0.11428571428571455,0.11904761904761885,0.1333333333333333,0.13348946135831397,0.13348946135831374,True
S202,0.5,0.0,0.0,1.0,0.0,0.5714285714285716,0.9999999999999998,0.9333333333333336,0.9929742388758782,0.9929742388758784,False
S203,0.75,0.8000000000000002,0.7916666666666667,0.19999999999999998,0.8333333333333333,0.34285714285714297,0.2857142857142856,0.26666666666666683,0.2927400468384076,0.2927400468384074,True
S204,0.5,0.18333333333333324,0.16666666666666663,0.8166666666666667,0.16666666666666663,0.9428571428571431,0.7857142857142854,0.7999999999999998,0.7915690866510536,0.7915690866510539,True
S205,0.125,0.6666666666666666,0.6666666666666667,0.3333333333333333,0.6666666666666667,0.37142857142857144,0.2142857142857142,0.19999999999999996,0.2107728337236534,0.2107728337236534,True
S206,0.75,0.65,0.6666666666666667,0.35,0.6666666666666667,0.3142857142857143,0.4999999999999998,0.4666666666666668,0.49882903981264626,0.49882903981264626,True
S207,0.75,0.18333333333333324,0.16666666666666663,0.8166666666666667,0.16666666666666663,0.9714285714285715,0.8095238095238095,0.7999999999999998,0.8056206088992977,0.8056206088992974,True
S208,0.375,0.20000000000000007,0.20833333333333337,0.7999999999999999,0.16666666666666663,0.7428571428571429,0.5952380952380951,0.6000000000000001,0.5925058548009345,0.5925058548009365,True
S209,0.25,0.45000000000000007,0.4583333333333335,0.5499999999999999,0.41666666666666674,0.5714285714285716,0.45238095238095233,0.4666666666666668,0.4519906323184988,0.451990632318501,False
S210,0.75,0.1166666666666667,0.12499999999999989,0.8833333333333333,0.08333333333333326,0.8571428571428572,0.5714285714285714,0.5333333333333334,0.5737704918032787,0.5737704918032787,True
S211,1.0,0.06666666666666676,0.08333333333333326,0.9333333333333332,0.08333333333333326,0.7999999999999998,0.6904761904761905,0.6666666666666665,0.6861826697892273,0.686182669789227,True
S212,0.75,0.6333333333333332,0.625,0.3666666666666667,0.6666666666666667,0.5428571428571431,0.5476190476190474,0.5333333333333334,0.5526932084309135,0.5526932084309133,True
S213,0.25,0.8666666666666666,0.875,0.13333333333333333,0.8333333333333333,0.37142857142857144,0.0,0.0,0.007025761124121788,0.007025761124121788,True
S214,1.0,0.9999999999999999,1.0,0.0,1.0,0.34285714285714297,0.09523809523809512,0.1333333333333333,0.10772833723653408,0.10772833723653386,False
S215,0.75,0.8666666666666666,0.875,0.13333333333333333,0.8333333333333333,0.34285714285714297,0.2857142857142856,0.33333333333333326,0.2997658079625294,0.2997658079625294,False
S216,0.125,0.7333333333333333,0.75,0.26666666666666666,0.75,0.057142857142857384,0.0714285714285714,0.06666666666666665,0.0725995316159227,0.07259953161592492,False
S217,1.0,0.7166666666666667,0.7083333333333333,0.2833333333333333,0.75,0.11428571428571455,0.16666666666666652,0.19999999999999996,0.18032786885245655,0.18032786885245877,True
S218,0.5,0.3833333333333332,0.375,0.6166666666666667,0.41666666666666674,0.37142857142857144,0.4999999999999998,0.4666666666666668,0.4964871194379392,0.4964871194379392,True
S219,0.125,0.2666666666666666,0.25,0.7333333333333334,0.25,1.0,0.8095238095238095,0.7999999999999998,0.8149882903981263,0.8149882903981265,True
S220,0.5,0.7499999999999999,0.75,0.25,0.75,0.17142857142857149,0.0,0.06666666666666665,0.0187353629976581,0.0187353629976581,True
S221,1.0,0.5166666666666665,0.5,0.4833333333333333,0.5,0.37142857142857144,0.357142857142857,0.3999999999999999,0.37002341920374704,0.37002341920374704,True
S222,0.75,0.9499999999999998,0.9583333333333333,0.049999999999999996,0.9166666666666665,0.34285714285714297,0.23809523809523792,0.26666666666666683,0.25058548009367687,0.25058548009367687,True
S223,0.25,0.5166666666666665,0.5,0.4833333333333333,0.5,0.5142857142857142,0.47619047619047605,0.4666666666666668,0.47306791569086415,0.47306791569086637,False
S224,0.625,0.4833333333333333,0.5,0.5166666666666666,0.5,0.657142857142857,0.5952380952380951,0.6000000000000001,0.585480093676815,0.585480093676815,True
S225,0.125,0.21666666666666667,0.20833333333333337,0.7833333333333333,0.25,0.8285714285714287,0.7857142857142854,0.7999999999999998,0.7892271662763466,0.7892271662763464,True
S226,0.25,0.8833333333333334,0.875,0.11666666666666665,0.9166666666666665,0.057142857142857384,0.0714285714285714,0.1333333333333333,0.08196721311475175,0.08196721311475397,True
S227,0.5,0.85,0.8333333333333333,0.15,0.8333333333333333,0.14285714285714302,0.0,0.0,0.011709601873536313,0.011709601873536313,True
S228,0.5,0.08333333333333337,0.08333333333333326,0.9166666666666666,0.08333333333333326,0.7428571428571429,0.7380952380952379,0.7333333333333334,0.730679156908665,0.730679156908665,False
S229,0.0,0.4999999999999999,0.5,0.5,0.5,0.37142857142857144,0.33333333333333326,0.33333333333333326,0.32786885245901654,0.32786885245901654,False
S230,0.25,0.4999999999999999,0.5,0.5,0.5,0.5428571428571431,0.4285714285714284,0.4666666666666668,0.4402810304449649,0.4402810304449649,False
S231,0.625,0.6666666666666666,0.6666666666666667,0.3333333333333333,0.6666666666666667,0.37142857142857144,0.16666666666666652,0.19999999999999996,0.16627634660421542,0.16627634660421542,False
S232,1.0,0.8000000000000002,0.7916666666666667,0.19999999999999998,0.8333333333333333,0.37142857142857144,0.19047619047619047,0.19999999999999996,0.20140515222482436,0.20140515222482436,True
S233,0.5,0.6833333333333332,0.6666666666666667,0.31666666666666665,0.6666666666666667,0.3142857142857143,0.19047619047619047,0.19999999999999996,0.18735362997658078,0.18735362997658078,True
S234,0.5,0.9666666666666667,0.9583333333333333,0.03333333333333333,1.0,0.37142857142857144,0.1428571428571428,0.1333333333333333,0.14285714285714302,0.1428571428571428,False
S235,0.125,0.9166666666666666,0.9166666666666665,0.08333333333333333,0.9166666666666665,0.22857142857142865,0.0,0.0,0.0,0.0,False
S236,0.125,0.08333333333333337,0.08333333333333326,0.9166666666666666,0.08333333333333326,0.7999999999999998,0.6904761904761905,0.6666666666666665,0.6908665105386418,0.6908665105386416,False
S237,0.75,0.016666666666666607,0.0,0.9833333333333334,0.0,0.6285714285714286,0.9285714285714286,0.8666666666666667,0.9227166276346603,0.9227166276346601,False
S238,0.625,0.43333333333333324,0.41666666666666674,0.5666666666666667,0.41666666666666674,0.4571428571428571,0.5476190476190474,0.5333333333333334,0.5409836065573748,0.540983606557377,False
S239,0.625,0.16666666666666663,0.16666666666666663,0.8333333333333333,0.16666666666666663,0.9714285714285715,0.9047619047619044,0.8666666666666667,0.8992974238875882,0.8992974238875879,True
S240,0.125,0.5833333333333334,0.5833333333333333,0.41666666666666663,0.5833333333333333,0.5428571428571431,0.40476190476190466,0.3999999999999999,0.4028103044496487,0.4028103044496487,False
S241,0.375,0.9666666666666667,0.9583333333333333,0.03333333333333333,1.0,0.3142857142857143,0.2857142857142856,0.33333333333333326,0.29508196721311464,0.29508196721311464,True
S242,0.75,0.3833333333333332,0.375,0.6166666666666667,0.41666666666666674,0.6285714285714286,0.30952380952380953,0.33333333333333326,0.3231850117096018,0.3231850117096018,False
S243,1.0,0.16666666666666663,0.16666666666666663,0.8333333333333333,0.16666666666666663,0.9714285714285715,0.7619047619047616,0.7333333333333334,0.758782201405152,0.7587822014051522,True
S244,0.375,0.5333333333333333,0.5416666666666665,0.4666666666666666,0.5,0.40000000000000013,0.5238095238095237,0.5333333333333334,0.5362997658079625,0.5362997658079625,False
S245,0.5,0.1333333333333333,0.12499999999999989,0.8666666666666667,0.16666666666666663,0.9714285714285715,0.9523809523809523,0.9333333333333336,0.946135831381733,0.9461358313817327,True
S246,0.5,0.41666666666666663,0.41666666666666674,0.5833333333333333,0.41666666666666674,0.4571428571428571,0.47619047619047605,0.4666666666666668,0.4847775175644029,0.4847775175644029,True
S247,0.25,0.31666666666666676,0.33333333333333326,0.6833333333333332,0.33333333333333326,0.8857142857142857,0.6904761904761905,0.6666666666666665,0.6885245901639345,0.6885245901639343,False
S248,1.0,0.8666666666666666,0.875,0.13333333333333333,0.8333333333333333,0.22857142857142865,0.2142857142857142,0.19999999999999996,0.21779859484777275,0.21779859484777497,True
S249,0.375,0.08333333333333337,0.08333333333333326,0.9166666666666666,0.08333333333333326,0.7714285714285714,0.6190476190476188,0.6000000000000001,0.6112412177985926,0.6112412177985946,True
S250,0.25,0.6333333333333332,0.625,0.3666666666666667,0.6666666666666667,0.2857142857142858,0.33333333333333326,0.33333333333333326,0.3419203747072599,0.3419203747072599,False
S251,0.375,0.8000000000000002,0.7916666666666667,0.19999999999999998,0.8333333333333333,0.057142857142857384,0.1428571428571428,0.1333333333333333,0.14754098360655732,0.14754098360655732,False
S252,0.625,0.5666666666666668,0.5833333333333333,0.43333333333333335,0.5833333333333333,0.34285714285714297,0.357142857142857,0.3999999999999999,0.36768149882904,0.3676814988290398,True
S253,0.875,0.2666666666666666,0.25,0.7333333333333334,0.25,0.7142857142857144,0.9285714285714286,0.8666666666666667,0.9133489461358313,0.9133489461358315,True
S254,1.0,0.06666666666666676,0.08333333333333326,0.9333333333333332,0.08333333333333326,0.7714285714285714,0.7142857142857142,0.7333333333333334,0.7213114754098362,0.721311475409836,True
S255,0.875,0.9499999999999998,0.9583333333333333,0.049999999999999996,0.9166666666666665,0.3142857142857143,0.26190476190476186,0.26666666666666683,0.2763466042154543,0.27634660421545654,True
S256,0.625,0.25,0.25,0.75,0.25,0.6285714285714286,0.9999999999999998,1.0,1.0000000000000002,1.0,False
S257,0.125,0.6999999999999998,0.7083333333333333,0.3,0.6666666666666667,0.0,0.16666666666666652,0.19999999999999996,0.17096018735363017,0.17096018735362994,True
S258,0.625,0.08333333333333337,0.08333333333333326,0.9166666666666666,0.08333333333333326,0.5714285714285716,0.7142857142857142,0.6666666666666665,0.7025761124121781,0.7025761124121779,True
S259,0.125,0.1333333333333333,0.12499999999999989,0.8666666666666667,0.16666666666666663,0.8571428571428572,0.8095238095238095,0.7999999999999998,0.8056206088992977,0.8056206088992974,False
S260,0.625,0.16666666666666663,0.16666666666666663,0.8333333333333333,0.16666666666666663,0.8571428571428572,0.5952380952380951,0.6000000000000001,0.5878220140515222,0.5878220140515222,True
S261,0.875,0.9333333333333332,0.9166666666666665,0.06666666666666667,0.9166666666666665,0.22857142857142865,0.0,0.06666666666666665,0.016393442622950838,0.016393442622950838,False
S262,0.375,0.7166666666666667,0.7083333333333333,0.2833333333333333,0.75,0.14285714285714302,0.23809523809523792,0.26666666666666683,0.24355971896955508,0.24355971896955508,False
S263,1.0,0.5499999999999999,0.5416666666666665,0.45,0.5833333333333333,0.48571428571428577,0.5238095238095237,0.5333333333333334,0.5339578454332554,0.5339578454332554,False
S264,1.0,0.7333333333333333,0.75,0.26666666666666666,0.75,0.02857142857142847,0.023809523809523725,0.06666666666666665,0.025761124121779888,0.025761124121779888,True
S265,0.75,0.6166666666666666,0.625,0.3833333333333333,0.5833333333333333,0.48571428571428577,0.38095238095238093,0.3999999999999999,0.3957845433255269,0.3957845433255269,True
S266,0.25,0.6666666666666666,0.6666666666666667,0.3333333333333333,0.6666666666666667,0.22857142857142865,0.1428571428571428,0.19999999999999996,0.15222482435597207,0.15222482435597184,False
S267,0.25,0.33333333333333337,0.33333333333333326,0.6666666666666666,0.33333333333333326,0.48571428571428577,0.45238095238095233,0.4666666666666668,0.45667447306791575,0.45667447306791575,True
S268,0.0,0.21666666666666667,0.20833333333333337,0.7833333333333333,0.25,0.657142857142857,0.7380952380952379,0.7333333333333334,0.7353629976580796,0.7353629976580796,False
S269,0.375,0.9666666666666667,0.9583333333333333,0.03333333333333333,1.0,0.37142857142857144,0.11904761904761885,0.1333333333333333,0.12646370023419218,0.12646370023419196,False
S270,0.25,0.3666666666666666,0.375,0.6333333333333333,0.33333333333333326,0.3142857142857143,0.5714285714285714,0.6000000000000001,0.5831381733021077,0.5831381733021077,False
S271,0.125,0.5833333333333334,0.5833333333333333,0.41666666666666663,0.5833333333333333,0.4571428571428571,0.30952380952380953,0.33333333333333326,0.31381733021077274,0.31381733021077274,True
S272,0.625,0.9,0.9166666666666665,0.09999999999999999,0.9166666666666665,0.11428571428571455,0.11904761904761885,0.1333333333333333,0.12880562060889922,0.12880562060889922,True
S273,0.25,0.21666666666666667,0.20833333333333337,0.7833333333333333,0.25,0.8285714285714287,0.8333333333333333,0.7999999999999998,0.8313817330210773,0.8313817330210775,False
S274,0.75,0.7166666666666667,0.7083333333333333,0.2833333333333333,0.75,0.08571428571428585,0.26190476190476186,0.26666666666666683,0.2763466042154543,0.27634660421545654,True
S275,0.75,0.85,0.8333333333333333,0.15,0.8333333333333333,0.11428571428571455,0.1428571428571428,0.1333333333333333,0.14988290398126236,0.14988290398126458,True
S276,1.0,0.6666666666666666,0.6666666666666667,0.3333333333333333,0.6666666666666667,0.2857142857142858,0.023809523809523725,0.06666666666666665,0.02810304449648715,0.02810304449648715,False
S277,0.875,0.25,0.25,0.75,0.25,0.7142857142857144,0.857142857142857,0.7999999999999998,0.8454332552693209,0.8454332552693207,False
S278,0.625,0.9666666666666667,0.9583333333333333,0.03333333333333333,1.0,0.11428571428571455,0.11904761904761885,0.1333333333333333,0.13817330210772827,0.13817330210772827,False
S279,0.0,0.33333333333333337,0.33333333333333326,0.6666666666666666,0.33333333333333326,0.5714285714285716,0.4285714285714284,0.3999999999999999,0.43091334894613587,0.43091334894613587,True
S280,0.375,0.25,0.25,0.75,0.25,0.8857142857142857,0.8333333333333333,0.7999999999999998,0.8266978922716628,0.8266978922716626,False
S281,0.0,0.033333333333333326,0.04166666666666663,0.9666666666666666,0.0,0.8571428571428572,0.8809523809523807,0.8666666666666667,0.8829039812646371,0.8829039812646369,True
S282,0.375,0.6999999999999998,0.7083333333333333,0.3,0.6666666666666667,0.37142857142857144,0.11904761904761885,0.1333333333333333,0.13583138173302123,0.135831381733021,False
S283,0.0,0.9833333333333333,1.0,0.016666666666666666,1.0,0.08571428571428585,0.023809523809523725,0.06666666666666665,0.0374707259953162,0.0374707259953162,True
S284,0.0,0.21666666666666667,0.20833333333333337,0.7833333333333333,0.25,0.6000000000000001,0.6190476190476188,0.6000000000000001,0.6229508196721312,0.6229508196721312,True
S285,0.125,0.033333333333333326,0.04166666666666663,0.9666666666666666,0.0,1.0,0.6190476190476188,0.6000000000000001,0.6088992974238852,0.6088992974238876,True
S286,0.75,0.6333333333333332,0.625,0.3666666666666667,0.6666666666666667,0.48571428571428577,0.5476190476190474,0.5333333333333334,0.5480093676814988,0.5480093676814988,False
S287,0.125,0.5333333333333333,0.5416666666666665,0.4666666666666666,0.5,0.34285714285714297,0.33333333333333326,0.33333333333333326,0.33957845433255285,0.3395784543325526,False
S288,0.875,0.7333333333333333,0.75,0.26666666666666666,0.75,0.08571428571428585,0.04761904761904745,0.06666666666666665,0.049180327868852514,0.049180327868852514,True
S289,0.0,0.45000000000000007,0.4583333333333335,0.5499999999999999,0.41666666666666674,0.37142857142857144,0.5476190476190474,0.5333333333333334,0.5480093676814988,0.5480093676814988,True
S290,0.0,0.9833333333333333,1.0,0.016666666666666666,1.0,0.0,0.09523809523809512,0.1333333333333333,0.11475409836065587,0.11475409836065564,False
S291,1.0,0.8666666666666666,0.875,0.13333333333333333,0.8333333333333333,0.0,0.16666666666666652,0.19999999999999996,0.1733021077283372,0.1733021077283372,False
S292,0.5,0.9166666666666666,0.9166666666666665,0.08333333333333333,0.9166666666666665,0.40000000000000013,0.16666666666666652,0.19999999999999996,0.18266978922716626,0.18266978922716626,True
S293,1.0,0.09999999999999998,0.08333333333333326,0.9,0.08333333333333326,1.0,0.857142857142857,0.7999999999999998,0.8477751756440279,0.8477751756440277,True
S294,0.375,0.4,0.41666666666666674,0.6,0.41666666666666674,0.6285714285714286,0.5476190476190474,0.5333333333333334,0.5480093676814988,0.5480093676814988,False
S295,0.125,0.4,0.41666666666666674,0.6,0.41666666666666674,0.5714285714285716,0.38095238095238093,0.3999999999999999,0.3957845433255269,0.3957845433255269,False
S296,0.875,0.8833333333333334,0.875,0.11666666666666665,0.9166666666666665,0.37142857142857144,0.09523809523809512,0.1333333333333333,0.09601873536299776,0.09601873536299776,False
S297,0.75,0.5499999999999999,0.5416666666666665,0.45,0.5833333333333333,0.4285714285714286,0.30952380952380953,0.33333333333333326,0.30679156908664873,0.30679156908665095,True
S298,0.0,0.6999999999999998,0.7083333333333333,0.3,0.6666666666666667,0.20000000000000018,0.11904761904761885,0.1333333333333333,0.11943793911007017,0.11943793911007017,True
S299,0.125,0.2333333333333334,0.25,0.7666666666666666,0.25,0.8285714285714287,0.5714285714285714,0.5333333333333334,0.5737704918032787,0.5737704918032787,False
S300,0.625,0.4999999999999999,0.5,0.5,0.5,0.6857142857142859,0.45238095238095233,0.4666666666666668,0.45667447306791575,0.45667447306791575,False
S301,0.5,0.033333333333333326,0.04166666666666663,0.9666666666666666,0.0,0.7428571428571429,0.6904761904761905,0.6666666666666665,0.6978922716627634,0.6978922716627636,True
S302,0.125,0.5333333333333333,0.5416666666666665,0.4666666666666666,0.5,0.6000000000000001,0.47619047619047605,0.4666666666666668,0.47540983606557385,0.47540983606557385,False
S303,0.5,0.9499999999999998,0.9583333333333333,0.049999999999999996,0.9166666666666665,0.08571428571428585,0.0,0.0,0.004683840749412083,0.004683840749414303,False
S304,0.5,0.9499999999999998,0.9583333333333333,0.049999999999999996,0.9166666666666665,0.17142857142857149,0.19047619047619047,0.19999999999999996,0.19906323185011465,0.19906323185011687,True
S305,0.375,0.35,0.33333333333333326,0.6499999999999999,0.33333333333333326,0.48571428571428577,0.33333333333333326,0.33333333333333326,0.33255269320843084,0.33255269320843084,False
S306,0.375,0.29999999999999993,0.2916666666666665,0.7,0.33333333333333326,0.7999999999999998,0.9285714285714286,0.8666666666666667,0.9156908665105388,0.9156908665105385,False
S307,0.75,0.7166666666666667,0.7083333333333333,0.2833333333333333,0.75,0.17142857142857149,0.0714285714285714,0.1333333333333333,0.08196721311475175,0.08196721311475397,True
S308,0.0,0.8666666666666666,0.875,0.13333333333333333,0.8333333333333333,0.08571428571428585,0.23809523809523792,0.26666666666666683,0.24355971896955508,0.24355971896955508,False
S309,0.75,0.18333333333333324,0.16666666666666663,0.8166666666666667,0.16666666666666663,0.7428571428571429,0.976190476190476,0.9333333333333336,0.9695550351288056,0.9695550351288058,False
S310,0.625,0.5499999999999999,0.5416666666666665,0.45,0.5833333333333333,0.5428571428571431,0.30952380952380953,0.33333333333333326,0.3161592505854778,0.31615925058548,False
S311,0.875,0.5166666666666665,0.5,0.4833333333333333,0.5,0.6285714285714286,0.47619047619047605,0.4666666666666668,0.4707259953161591,0.4707259953161591,False
S312,0.5,0.3666666666666666,0.375,0.6333333333333333,0.33333333333333326,0.6285714285714286,0.5476190476190474,0.5333333333333334,0.5597189695550329,0.5597189695550351,False
S313,1.0,0.2666666666666666,0.25,0.7333333333333334,0.25,0.7428571428571429,0.9285714285714286,0.9333333333333336,0.9250585480093678,0.9250585480093676,False
S314,0.0,0.7666666666666665,0.75,0.2333333333333333,0.75,0.17142857142857149,0.023809523809523725,0.06666666666666665,0.04449648711943799,0.04449648711943799,True
S315,0.5,0.8666666666666666,0.875,0.13333333333333333,0.8333333333333333,0.22857142857142865,0.1428571428571428,0.1333333333333333,0.14285714285714302,0.1428571428571428,True
S316,1.0,0.2333333333333334,0.25,0.7666666666666666,0.25,0.8571428571428572,0.6428571428571428,0.6000000000000001,0.6346604215456675,0.6346604215456677,False
S317,0.25,0.15000000000000002,0.16666666666666663,0.8499999999999999,0.16666666666666663,0.8285714285714287,0.6666666666666665,0.6666666666666665,0.6674473067915692,0.6674473067915689,False
S318,0.875,0.43333333333333324,0.41666666666666674,0.5666666666666667,0.41666666666666674,0.5714285714285716,0.4999999999999998,0.5333333333333334,0.5058548009367683,0.5058548009367683,False
S319,0.375,0.8166666666666668,0.8333333333333333,0.18333333333333335,0.8333333333333333,0.14285714285714302,0.16666666666666652,0.19999999999999996,0.18266978922716626,0.18266978922716626,False
S320,0.625,0.65,0.6666666666666667,0.35,0.6666666666666667,0.4571428571428571,0.47619047619047605,0.4666666666666668,0.4707259953161591,0.4707259953161591,True
S321,0.5,0.6166666666666666,0.625,0.3833333333333333,0.5833333333333333,0.6285714285714286,0.4285714285714284,0.3999999999999999,0.4285714285714286,0.4285714285714286,False
S322,0.25,0.8833333333333334,0.875,0.11666666666666665,0.9166666666666665,0.22857142857142865,0.19047619047619047,0.19999999999999996,0.19906323185011465,0.19906323185011687,False
S323,0.25,0.6666666666666666,0.6666666666666667,0.3333333333333333,0.6666666666666667,0.2857142857142858,0.2857142857142856,0.33333333333333326,0.30210772833723665,0.3021077283372364,False
S324,0.375,0.45000000000000007,0.4583333333333335,0.5499999999999999,0.41666666666666674,0.5428571428571431,0.40476190476190466,0.3999999999999999,0.3981264637002342,0.3981264637002342,True
S325,1.0,0.18333333333333324,0.16666666666666663,0.8166666666666667,0.16666666666666663,0.657142857142857,0.857142857142857,0.8666666666666667,0.861826697892272,0.8618266978922717,True
S326,0.25,0.7499999999999999,0.75,0.25,0.75,0.2857142857142858,0.09523809523809512,0.1333333333333333,0.10538641686182681,0.10538641686182659,False
S327,0.5,0.3833333333333332,0.375,0.6166666666666667,0.41666666666666674,0.7142857142857144,0.33333333333333326,0.33333333333333326,0.3372365339578456,0.3372365339578456,False
S328,0.375,0.9333333333333332,0.9166666666666665,0.06666666666666667,0.9166666666666665,0.37142857142857144,0.16666666666666652,0.19999999999999996,0.16393442622950816,0.16393442622950816,False
S329,0.625,0.25,0.25,0.75,0.25,0.9428571428571431,0.9047619047619044,0.8666666666666667,0.9086651053864168,0.908665105386417,False
S330,0.125,0.7166666666666667,0.7083333333333333,0.2833333333333333,0.75,0.14285714285714302,0.0,0.0,0.011709601873536313,0.011709601873536313,True
S331,0.375,0.08333333333333337,0.08333333333333326,0.9166666666666666,0.08333333333333326,0.7999999999999998,0.976190476190476,0.9333333333333336,0.9765807962529276,0.9765807962529274,False
S332,0.625,0.45000000000000007,0.4583333333333335,0.5499999999999999,0.41666666666666674,0.5142857142857142,0.47619047619047605,0.4666666666666668,0.47306791569086415,0.47306791569086637,True
S333,0.625,0.5666666666666668,0.5833333333333333,0.43333333333333335,0.5833333333333333,0.4571428571428571,0.45238095238095233,0.4666666666666668,0.46370023419203754,0.46370023419203754,False
S334,0.25,0.6333333333333332,0.625,0.3666666666666667,0.6666666666666667,0.5142857142857142,0.4999999999999998,0.4666666666666668,0.49414519906323195,0.49414519906323195,False
S335,0.125,0.21666666666666667,0.20833333333333337,0.7833333333333333,0.25,0.7142857142857144,0.9285714285714286,0.8666666666666667,0.9227166276346603,0.9227166276346601,True
S336,1.0,0.6999999999999998,0.7083333333333333,0.3,0.6666666666666667,0.4285714285714286,0.09523809523809512,0.1333333333333333,0.10538641686182681,0.10538641686182659,False
S337,0.625,0.1333333333333333,0.12499999999999989,0.8666666666666667,0.16666666666666663,0.9714285714285715,0.9523809523809523,0.9333333333333336,0.9414519906323184,0.9414519906323182,False
S338,0.5,0.16666666666666663,0.16666666666666663,0.8333333333333333,0.16666666666666663,0.7428571428571429,0.7857142857142854,0.7333333333333334,0.775175644028103,0.7751756440281032,False
S339,0.375,0.06666666666666676,0.08333333333333326,0.9333333333333332,0.08333333333333326,0.6285714285714286,0.5476190476190474,0.5333333333333334,0.5503512880562038,0.550351288056206,False
S340,0.75,0.2833333333333333,0.2916666666666665,0.7166666666666666,0.25,0.5714285714285716,0.9523809523809523,0.9333333333333336,0.9367681498829044,0.9367681498829041,True
S341,0.125,0.3833333333333332,0.375,0.6166666666666667,0.41666666666666674,0.37142857142857144,0.45238095238095233,0.4666666666666668,0.46370023419203754,0.46370023419203754,False
S342,0.75,0.9999999999999999,1.0,0.0,1.0,0.2857142857142858,0.0,0.06666666666666665,0.0187353629976581,0.0187353629976581,True
S343,0.75,0.16666666666666663,0.16666666666666663,0.8333333333333333,0.16666666666666663,0.9142857142857141,0.5714285714285714,0.5333333333333334,0.5737704918032787,0.5737704918032787,False
S344,0.0,0.6833333333333332,0.6666666666666667,0.31666666666666665,0.6666666666666667,0.25714285714285734,0.19047619047619047,0.19999999999999996,0.18735362997658078,0.18735362997658078,True
S345,0.75,0.6166666666666666,0.625,0.3833333333333333,0.5833333333333333,0.5428571428571431,0.38095238095238093,0.3999999999999999,0.3911007025761124,0.3911007025761124,False
S346,0.75,0.1333333333333333,0.12499999999999989,0.8666666666666667,0.16666666666666663,0.7714285714285714,0.9523809523809523,0.9333333333333336,0.9531615925058545,0.9531615925058547,True
S347,0.5,0.41666666666666663,0.41666666666666674,0.5833333333333333,0.41666666666666674,0.6000000000000001,0.5238095238095237,0.5333333333333334,0.5362997658079625,0.5362997658079625,False
S348,0.5,0.25,0.25,0.75,0.25,0.7428571428571429,0.5952380952380951,0.6000000000000001,0.6018735362997658,0.6018735362997658,False
S349,0.125,0.6833333333333332,0.6666666666666667,0.31666666666666665,0.6666666666666667,0.25714285714285734,0.04761904761904745,0.06666666666666665,0.058548009367681564,0.058548009367681564,True
S350,0.0,0.9833333333333333,1.0,0.016666666666666666,1.0,0.40000000000000013,0.23809523809523792,0.26666666666666683,0.24355971896955508,0.24355971896955508,True
S351,0.5,0.2666666666666666,0.25,0.7333333333333334,0.25,0.7714285714285714,0.8333333333333333,0.7999999999999998,0.8407494145199064,0.8407494145199061,False
S352,0.875,0.1333333333333333,0.12499999999999989,0.8666666666666667,0.16666666666666663,0.6857142857142859,0.9523809523809523,0.9333333333333336,0.9437939110070259,0.9437939110070257,True
S353,0.0,0.3833333333333332,0.375,0.6166666666666667,0.41666666666666674,0.48571428571428577,0.40476190476190466,0.3999999999999999,0.4145199063231826,0.4145199063231848,True
S354,0.0,0.09999999999999998,0.08333333333333326,0.9,0.08333333333333326,0.9714285714285715,0.857142857142857,0.7999999999999998,0.8477751756440279,0.8477751756440277,False
S355,0.125,0.9333333333333332,0.9166666666666665,0.06666666666666667,0.9166666666666665,0.34285714285714297,0.0714285714285714,0.06666666666666665,0.07728337236533966,0.07728337236533966,False
S356,0.875,0.9,0.9166666666666665,0.09999999999999999,0.9166666666666665,0.25714285714285734,0.19047619047619047,0.19999999999999996,0.19437939110070257,0.19437939110070257,True
S357,0.875,0.15000000000000002,0.16666666666666663,0.8499999999999999,0.16666666666666663,0.7999999999999998,0.8809523809523807,0.8666666666666667,0.8829039812646371,0.8829039812646369,True
S358,0.875,0.033333333333333326,0.04166666666666663,0.9666666666666666,0.0,0.8571428571428572,0.8809523809523807,0.8666666666666667,0.8875878220140516,0.8875878220140514,True
S359,0.375,0.016666666666666607,0.0,0.9833333333333334,0.0,0.8857142857142857,0.9999999999999998,0.9333333333333336,0.9859484777517562,0.9859484777517564,True
S360,0.5,0.9666666666666667,0.9583333333333333,0.03333333333333333,1.0,0.34285714285714297,0.2857142857142856,0.26666666666666683,0.28805620608899307,0.28805620608899307,True
S361,0.0,0.6666666666666666,0.6666666666666667,0.3333333333333333,0.6666666666666667,0.11428571428571455,0.2142857142857142,0.26666666666666683,0.23185011709601877,0.23185011709601877,True
S362,0.25,0.7833333333333331,0.7916666666666667,0.21666666666666667,0.75,0.4285714285714286,0.0714285714285714,0.06666666666666665,0.07025761124121788,0.07025761124121765,True
S363,0.75,0.25,0.25,0.75,0.25,0.6000000000000001,0.6666666666666665,0.6666666666666665,0.6604215456674472,0.6604215456674474,False
S364,0.125,0.9,0.9166666666666665,0.09999999999999999,0.9166666666666665,0.057142857142857384,0.09523809523809512,0.1333333333333333,0.09836065573770503,0.0983606557377048,False
S365,0.0,0.4833333333333333,0.5,0.5166666666666666,0.5,0.5142857142857142,0.5714285714285714,0.5333333333333334,0.5620608899297426,0.5620608899297423,False
S366,1.0,0.6,0.5833333333333333,0.39999999999999997,0.5833333333333333,0.4571428571428571,0.33333333333333326,0.33333333333333326,0.3302107728337238,0.3302107728337236,False
S367,0.0,0.9499999999999998,0.9583333333333333,0.049999999999999996,0.9166666666666665,0.057142857142857384,0.0714285714285714,0.06666666666666665,0.0725995316159227,0.07259953161592492,False
S368,0.0,0.9999999999999999,1.0,0.0,1.0,0.14285714285714302,0.19047619047619047,0.19999999999999996,0.20374707259953162,0.20374707259953162,False
S369,0.875,0.9166666666666666,0.9166666666666665,0.08333333333333333,0.9166666666666665,0.3142857142857143,0.0714285714285714,0.06666666666666665,0.07728337236533966,0.07728337236533966,False
S370,0.625,0.7333333333333333,0.75,0.26666666666666666,0.75,0.2857142857142858,0.23809523809523792,0.26666666666666683,0.2365339578454333,0.23653395784543307,True
S371,0.5,0.2666666666666666,0.25,0.7333333333333334,0.25,0.8857142857142857,0.7857142857142854,0.7999999999999998,0.7915690866510536,0.7915690866510539,True
S372,0.875,0.09999999999999998,0.08333333333333326,0.9,0.08333333333333326,0.7714285714285714,0.9999999999999998,0.9333333333333336,0.9906323185011707,0.990632318501171,False
S373,0.25,0.7333333333333333,0.75,0.26666666666666666,0.75,0.25714285714285734,0.16666666666666652,0.19999999999999996,0.16393442622950816,0.16393442622950816,True
S374,0.5,0.09999999999999998,0.08333333333333326,0.9,0.08333333333333326,0.6000000000000001,0.6190476190476188,0.6000000000000001,0.6088992974238852,0.6088992974238876,True
S375,0.25,0.16666666666666663,0.16666666666666663,0.8333333333333333,0.16666666666666663,0.9142857142857141,0.8095238095238095,0.7999999999999998,0.8009367681498831,0.8009367681498829,True
S376,1.0,0.2833333333333333,0.2916666666666665,0.7166666666666666,0.25,0.9428571428571431,0.6190476190476188,0.6000000000000001,0.6299765807962507,0.6299765807962527,False
S377,1.0,0.7499999999999999,0.75,0.25,0.75,0.25714285714285734,0.23809523809523792,0.26666666666666683,0.24824355971896717,0.2482435597189694,False
S378,0.625,0.7833333333333331,0.7916666666666667,0.21666666666666667,0.75,0.0,0.16666666666666652,0.19999999999999996,0.16861826697892268,0.16861826697892268,False
S379,0.375,0.7499999999999999,0.75,0.25,0.75,0.40000000000000013,0.04761904761904745,0.06666666666666665,0.060889929742388826,0.060889929742388604,True
S380,0.5,0.7499999999999999,0.75,0.25,0.75,0.20000000000000018,0.23809523809523792,0.26666666666666683,0.2552693208430914,0.2552693208430912,False
S381,0.625,0.3666666666666666,0.375,0.6333333333333333,0.33333333333333326,0.6000000000000001,0.4285714285714284,0.3999999999999999,0.43091334894613587,0.43091334894613587,True
S382,0.5,0.1333333333333333,0.12499999999999989,0.8666666666666667,0.16666666666666663,0.5714285714285716,0.857142857142857,0.7999999999999998,0.8501170960187354,0.8501170960187356,False
S383,0.0,0.6166666666666666,0.625,0.3833333333333333,0.5833333333333333,0.6285714285714286,0.40476190476190466,0.3999999999999999,0.405152224824356,0.405152224824356,True
S384,0.75,0.8666666666666666,0.875,0.13333333333333333,0.8333333333333333,0.3142857142857143,0.1428571428571428,0.19999999999999996,0.15456674473067933,0.1545667447306791,False
S385,0.25,0.5666666666666668,0.5833333333333333,0.43333333333333335,0.5833333333333333,0.5714285714285716,0.47619047619047605,0.4666666666666668,0.47306791569086415,0.47306791569086637,True
S386,0.625,0.016666666666666607,0.0,0.9833333333333334,0.0,0.8571428571428572,0.6904761904761905,0.6666666666666665,0.6885245901639345,0.6885245901639343,False
S387,0.25,0.33333333333333337,0.33333333333333326,0.6666666666666666,0.33333333333333326,0.6000000000000001,0.5238095238095237,0.5333333333333334,0.5245901639344264,0.5245901639344264,False
S388,0.125,0.3666666666666666,0.375,0.6333333333333333,0.33333333333333326,0.6000000000000001,0.33333333333333326,0.33333333333333326,0.33957845433255285,0.3395784543325526,True
S389,0.625,0.21666666666666667,0.20833333333333337,0.7833333333333333,0.25,0.8857142857142857,0.8333333333333333,0.7999999999999998,0.8196721311475412,0.819672131147541,True
S390,0.75,0.16666666666666663,0.16666666666666663,0.8333333333333333,0.16666666666666663,0.7714285714285714,0.8333333333333333,0.7999999999999998,0.8384074941451993,0.8384074941451991,True
S391,0.125,0.9499999999999998,0.9583333333333333,0.049999999999999996,0.9166666666666665,0.22857142857142865,0.04761904761904745,0.06666666666666665,0.060889929742388826,0.060889929742388604,True
S392,0.0,0.033333333333333326,0.04166666666666663,0.9666666666666666,0.0,0.9142857142857141,0.5476190476190474,0.5333333333333334,0.5503512880562038,0.550351288056206,True
S393,0.25,0.29999999999999993,0.2916666666666665,0.7,0.33333333333333326,0.6857142857142859,0.976190476190476,0.9333333333333336,0.9789227166276346,0.9789227166276344,True
S394,0.5,0.85,0.8333333333333333,0.15,0.8333333333333333,0.34285714285714297,0.04761904761904745,0.06666666666666665,0.0562060889929743,0.0562060889929743,False
S395,0.25,0.1333333333333333,0.12499999999999989,0.8666666666666667,0.16666666666666663,0.8857142857142857,0.5714285714285714,0.6000000000000001,0.5761124121779859,0.5761124121779859,True
S396,0.375,0.7833333333333331,0.7916666666666667,0.21666666666666667,0.75,0.02857142857142847,0.0,0.0,0.0023419203747072626,0.0023419203747072626,False
S397,0.625,0.4666666666666667,0.4583333333333335,0.5333333333333333,0.5,0.40000000000000013,0.30952380952380953,0.33333333333333326,0.30913348946135843,0.30913348946135843,False
S398,0.625,0.2833333333333333,0.2916666666666665,0.7166666666666666,0.25,0.9142857142857141,0.6666666666666665,0.6666666666666665,0.6674473067915692,0.6674473067915689,True
S399,0.875,0.45000000000000007,0.4583333333333335,0.5499999999999999,0.41666666666666674,0.3142857142857143,0.5238095238095237,0.5333333333333334,0.5222482435597191,0.5222482435597191,True
S400,0.125,0.06666666666666676,0.08333333333333326,0.9333333333333332,0.08333333333333326,0.6285714285714286,0.976190476190476,0.9333333333333336,0.962529274004684,0.9625292740046838,True
S401,0.375,0.7666666666666665,0.75,0.2333333333333333,0.75,0.11428571428571455,0.023809523809523725,0.06666666666666665,0.025761124121779888,0.025761124121779888,False
S402,1.0,0.5666666666666668,0.5833333333333333,0.43333333333333335,0.5833333333333333,0.3142857142857143,0.5714285714285714,0.5333333333333334,0.5667447306791569,0.5667447306791569,True
S403,0.5,0.9833333333333333,1.0,0.016666666666666666,1.0,0.2857142857142858,0.0714285714285714,0.06666666666666665,0.07728337236533966,0.07728337236533966,False
S404,1.0,0.33333333333333337,0.33333333333333326,0.6666666666666666,0.33333333333333326,0.6857142857142859,0.38095238095238093,0.3999999999999999,0.3911007025761124,0.3911007025761124,True
S405,0.625,0.15000000000000002,0.16666666666666663,0.8499999999999999,0.16666666666666663,0.6857142857142859,0.6428571428571428,0.6666666666666665,0.6440281030444968,0.6440281030444965,True
S406,1.0,0.5499999999999999,0.5416666666666665,0.45,0.5833333333333333,0.37142857142857144,0.5714285714285714,0.6000000000000001,0.5807962529274007,0.5807962529274004,True
S407,0.125,0.6999999999999998,0.7083333333333333,0.3,0.6666666666666667,0.02857142857142847,0.16666666666666652,0.19999999999999996,0.16627634660421542,0.16627634660421542,True
S408,0.125,0.43333333333333324,0.41666666666666674,0.5666666666666667,0.41666666666666674,0.5714285714285716,0.33333333333333326,0.33333333333333326,0.34426229508196715,0.34426229508196715,False
S409,0.875,0.4666666666666667,0.4583333333333335,0.5333333333333333,0.5,0.5714285714285716,0.40476190476190466,0.3999999999999999,0.41920374707259955,0.41920374707259955,True
S410,0.0,0.5166666666666665,0.5,0.4833333333333333,0.5,0.48571428571428577,0.5238095238095237,0.5333333333333334,0.5316159250585457,0.5316159250585479,False
S411,0.375,0.33333333333333337,0.33333333333333326,0.6666666666666666,0.33333333333333326,0.5142857142857142,0.5476190476190474,0.5333333333333334,0.5503512880562038,0.550351288056206,False
S412,1.0,0.016666666666666607,0.0,0.9833333333333334,0.0,0.8571428571428572,0.5952380952380951,0.6000000000000001,0.5971896955503513,0.5971896955503515,False
S413,0.875,0.9833333333333333,1.0,0.016666666666666666,1.0,0.0,0.23809523809523792,0.26666666666666683,0.23419203747072603,0.23419203747072603,False
S414,0.625,0.35,0.33333333333333326,0.6499999999999999,0.33333333333333326,0.4571428571428571,0.38095238095238093,0.3999999999999999,0.38407494145198817,0.3840749414519906,True
S415,0.5,0.65,0.6666666666666667,0.35,0.6666666666666667,0.4571428571428571,0.5238095238095237,0.5333333333333334,0.5362997658079625,0.5362997658079625,True
S416,0.375,0.20000000000000007,0.20833333333333337,0.7999999999999999,0.16666666666666663,0.6000000000000001,0.6190476190476188,0.6000000000000001,0.6252927400468384,0.6252927400468384,True
S417,0.125,0.6333333333333332,0.625,0.3666666666666667,0.6666666666666667,0.4571428571428571,0.5238095238095237,0.5333333333333334,0.5292740046838407,0.5292740046838407,False
S418,0.25,0.45000000000000007,0.4583333333333335,0.5499999999999999,0.41666666666666674,0.34285714285714297,0.45238095238095233,0.4666666666666668,0.46135831381733006,0.46135831381733006,True
S419,0.75,0.2833333333333333,0.2916666666666665,0.7166666666666666,0.25,0.6285714285714286,0.9999999999999998,1.0,1.0000000000000002,1.0,False
S420,0.375,0.3666666666666666,0.375,0.6333333333333333,0.33333333333333326,0.6285714285714286,0.4999999999999998,0.5333333333333334,0.5105386416861804,0.5105386416861826,False
S421,0.0,0.6166666666666666,0.625,0.3833333333333333,0.5833333333333333,0.657142857142857,0.33333333333333326,0.33333333333333326,0.32786885245901654,0.32786885245901654,True
S422,0.375,0.4833333333333333,0.5,0.5166666666666666,0.5,0.6000000000000001,0.33333333333333326,0.33333333333333326,0.33957845433255285,0.3395784543325526,False
S423,1.0,0.8833333333333334,0.875,0.11666666666666665,0.9166666666666665,0.057142857142857384,0.11904761904761885,0.1333333333333333,0.13114754098360426,0.13114754098360648,True
S424,0.25,0.5333333333333333,0.5416666666666665,0.4666666666666666,0.5,0.657142857142857,0.4999999999999998,0.5333333333333334,0.5058548009367683,0.5058548009367683,True
S425,0.25,0.33333333333333337,0.33333333333333326,0.6666666666666666,0.33333333333333326,0.6857142857142859,0.38095238095238093,0.3999999999999999,0.38875878220140514,0.38875878220140514,False
S426,0.5,0.31666666666666676,0.33333333333333326,0.6833333333333332,0.33333333333333326,0.9142857142857141,0.7619047619047616,0.7333333333333334,0.758782201405152,0.7587822014051522,False
S427,0.5,0.4999999999999999,0.5,0.5,0.5,0.4285714285714286,0.5238095238095237,0.5333333333333334,0.5362997658079625,0.5362997658079625,False
S428,0.125,0.8333333333333334,0.8333333333333333,0.16666666666666666,0.8333333333333333,0.11428571428571455,0.023809523809523725,0.06666666666666665,0.030444964871194413,0.030444964871194413,True
S429,0.625,0.7333333333333333,0.75,0.26666666666666666,0.75,0.25714285714285734,0.04761904761904745,0.06666666666666665,0.058548009367681564,0.058548009367681564,True
S430,0.0,0.8333333333333334,0.8333333333333333,0.16666666666666666,0.8333333333333333,0.4285714285714286,0.1428571428571428,0.1333333333333333,0.14285714285714302,0.1428571428571428,False
S431,0.75,0.7333333333333333,0.75,0.26666666666666666,0.75,0.14285714285714302,0.023809523809523725,0.06666666666666665,0.03278688524589923,0.032786885245901454,False
S432,0.25,0.85,0.8333333333333333,0.15,0.8333333333333333,0.37142857142857144,0.0714285714285714,0.06666666666666665,0.07025761124121788,0.07025761124121765,False
S433,0.25,0.8666666666666666,0.875,0.13333333333333333,0.8333333333333333,0.14285714285714302,0.04761904761904745,0.06666666666666665,0.06557377049180335,0.06557377049180335,True
S434,0.75,0.29999999999999993,0.2916666666666665,0.7,0.33333333333333326,0.9714285714285715,0.857142857142857,0.7999999999999998,0.8454332552693209,0.8454332552693207,True
S435,0.625,0.7833333333333331,0.7916666666666667,0.21666666666666667,0.75,0.11428571428571455,0.19047619047619047,0.19999999999999996,0.20140515222482436,0.20140515222482436,True
S436,0.375,0.0,0.0,1.0,0.0,0.7428571428571429,0.6190476190476188,0.6000000000000001,0.6182669789227166,0.6182669789227166,True
S437,0.0,0.5499999999999999,0.5416666666666665,0.45,0.5833333333333333,0.7142857142857144,0.40476190476190466,0.3999999999999999,0.41217798594847777,0.41217798594847777,True
S438,1.0,0.41666666666666663,0.41666666666666674,0.5833333333333333,0.41666666666666674,0.6857142857142859,0.30952380952380953,0.33333333333333326,0.3114754098360657,0.3114754098360655,True
S439,0.75,0.9666666666666667,0.9583333333333333,0.03333333333333333,1.0,0.2857142857142858,0.23809523809523792,0.26666666666666683,0.25058548009367687,0.25058548009367687,False
S440,0.375,0.7333333333333333,0.75,0.26666666666666666,0.75,0.34285714285714297,0.09523809523809512,0.1333333333333333,0.0936768149882905,0.0936768149882905,False
S441,1.0,0.21666666666666667,0.20833333333333337,0.7833333333333333,0.25,0.6000000000000001,0.5952380952380951,0.6000000000000001,0.5948477751756418,0.5948477751756438,False
S442,0.25,0.5666666666666668,0.5833333333333333,0.43333333333333335,0.5833333333333333,0.6285714285714286,0.38095238095238093,0.3999999999999999,0.38407494145198817,0.3840749414519906,True
S443,0.875,0.29999999999999993,0.2916666666666665,0.7,0.33333333333333326,0.6000000000000001,0.8809523809523807,0.8666666666666667,0.8875878220140516,0.8875878220140514,False
S444,0.0,0.6666666666666666,0.6666666666666667,0.3333333333333333,0.6666666666666667,0.37142857142857144,0.16666666666666652,0.19999999999999996,0.18032786885245655,0.18032786885245877,False
S445,0.5,0.033333333333333326,0.04166666666666663,0.9666666666666666,0.0,1.0,0.8095238095238095,0.7999999999999998,0.8126463700234192,0.8126463700234194,True
S446,0.5,0.6666666666666666,0.6666666666666667,0.3333333333333333,0.6666666666666667,0.08571428571428585,0.0714285714285714,0.06666666666666665,0.07728337236533966,0.07728337236533966,True
S447,0.875,0.5333333333333333,0.5416666666666665,0.4666666666666666,0.5,0.657142857142857,0.30952380952380953,0.33333333333333326,0.31381733021077274,0.31381733021077274,False
S448,1.0,0.5666666666666668,0.5833333333333333,0.43333333333333335,0.5833333333333333,0.4571428571428571,0.45238095238095233,0.4666666666666668,0.44964871194379397,0.44964871194379397,True
S449,0.625,0.9,0.9166666666666665,0.09999999999999999,0.9166666666666665,0.25714285714285734,0.11904761904761885,0.1333333333333333,0.13583138173302123,0.135831381733021,False
S450,0.625,0.7833333333333331,0.7916666666666667,0.21666666666666667,0.75,0.2857142857142858,0.19047619047619047,0.19999999999999996,0.19437939110070257,0.19437939110070257,False
S451,0.75,0.4833333333333333,0.5,0.5166666666666666,0.5,0.6857142857142859,0.47619047619047605,0.4666666666666668,0.48711943793911017,0.48711943793911017,True
S452,0.125,0.4999999999999999,0.5,0.5,0.5,0.3142857142857143,0.47619047619047605,0.4666666666666668,0.4824355971896932,0.4824355971896954,True
S453,0.0,0.033333333333333326,0.04166666666666663,0.9666666666666666,0.0,0.9714285714285715,0.8333333333333333,0.7999999999999998,0.8220140515222483,0.822014051522248,True
S454,0.375,0.33333333333333337,0.33333333333333326,0.6666666666666666,0.33333333333333326,0.37142857142857144,0.4285714285714284,0.4666666666666668,0.4402810304449649,0.4402810304449649,False
S455,0.875,0.5833333333333334,0.5833333333333333,0.41666666666666663,0.5833333333333333,0.657142857142857,0.45238095238095233,0.4666666666666668,0.4543325526932085,0.4543325526932085,True
S456,0.0,0.85,0.8333333333333333,0.15,0.8333333333333333,0.20000000000000018,0.0714285714285714,0.1333333333333333,0.08665105386416871,0.08665105386416871,False
S457,0.875,0.5166666666666665,0.5,0.4833333333333333,0.5,0.6857142857142859,0.38095238095238093,0.3999999999999999,0.3864168618266979,0.3864168618266979,True
S458,0.75,0.2833333333333333,0.2916666666666665,0.7166666666666666,0.25,0.7999999999999998,0.9285714285714286,0.8666666666666667,0.9227166276346603,0.9227166276346601,True
S459,0.875,0.033333333333333326,0.04166666666666663,0.9666666666666666,0.0,0.6000000000000001,0.857142857142857,0.8666666666666667,0.8548009367681499,0.8548009367681502,False
S460,0.75,0.7333333333333333,0.75,0.26666666666666666,0.75,0.2857142857142858,0.26190476190476186,0.26666666666666683,0.26932084309133497,0.26932084309133497,False
S461,0.75,0.8166666666666668,0.8333333333333333,0.18333333333333335,0.8333333333333333,0.2857142857142858,0.0,0.0,0.0,0.0,True
S462,0.375,0.6,0.5833333333333333,0.39999999999999997,0.5833333333333333,0.34285714285714297,0.4999999999999998,0.4666666666666668,0.4964871194379392,0.4964871194379392,False
S463,0.0,0.09999999999999998,0.08333333333333326,0.9,0.08333333333333326,0.7999999999999998,0.8095238095238095,0.7999999999999998,0.8173302107728337,0.817330210772834,False
S464,0.125,0.08333333333333337,0.08333333333333326,0.9166666666666666,0.08333333333333326,0.9714285714285715,0.7142857142857142,0.6666666666666665,0.7049180327868854,0.7049180327868851,True
S465,1.0,0.6,0.5833333333333333,0.39999999999999997,0.5833333333333333,0.5714285714285716,0.30952380952380953,0.33333333333333326,0.30679156908664873,0.30679156908665095,True
S466,0.125,0.15000000000000002,0.16666666666666663,0.8499999999999999,0.16666666666666663,0.8571428571428572,0.6190476190476188,0.6000000000000001,0.6182669789227166,0.6182669789227166,True
S467,1.0,0.06666666666666676,0.08333333333333326,0.9333333333333332,0.08333333333333326,0.6285714285714286,0.7857142857142854,0.7999999999999998,0.7892271662763466,0.7892271662763464,False
S468,0.5,0.5333333333333333,0.5416666666666665,0.4666666666666666,0.5,0.3142857142857143,0.4285714285714284,0.3999999999999999,0.43091334894613587,0.43091334894613587,True
S469,1.0,0.8000000000000002,0.7916666666666667,0.19999999999999998,0.8333333333333333,0.20000000000000018,0.04761904761904745,0.06666666666666665,0.06557377049180335,0.06557377049180335,False
S470,0.75,0.85,0.8333333333333333,0.15,0.8333333333333333,0.17142857142857149,0.2142857142857142,0.19999999999999996,0.2107728337236534,0.2107728337236534,True
S471,0.25,0.29999999999999993,0.2916666666666665,0.7,0.33333333333333326,0.7714285714285714,0.9047619047619044,0.8666666666666667,0.9086651053864168,0.908665105386417,True
S472,1.0,0.85,0.8333333333333333,0.15,0.8333333333333333,0.17142857142857149,0.26190476190476186,0.26666666666666683,0.278688524590164,0.278688524590164,False
S473,0.5,0.6999999999999998,0.7083333333333333,0.3,0.6666666666666667,0.17142857142857149,0.19047619047619047,0.19999999999999996,0.2084309133489437,0.20843091334894592,True
S474,0.25,0.15000000000000002,0.16666666666666663,0.8499999999999999,0.16666666666666663,0.7142857142857144,0.9523809523809523,0.9333333333333336,0.9555035128805625,0.9555035128805622,True
S475,0.0,0.5166666666666665,0.5,0.4833333333333333,0.5,0.2857142857142858,0.40476190476190466,0.3999999999999999,0.4098360655737705,0.4098360655737705,False
S476,0.625,0.85,0.8333333333333333,0.15,0.8333333333333333,0.37142857142857144,0.1428571428571428,0.19999999999999996,0.16159250585480112,0.1615925058548009,True
S477,0.875,0.09999999999999998,0.08333333333333326,0.9,0.08333333333333326,1.0,0.6190476190476188,0.6000000000000001,0.6159250585480094,0.6159250585480096,True
S478,0.25,0.5333333333333333,0.5416666666666665,0.4666666666666666,0.5,0.3142857142857143,0.33333333333333326,0.33333333333333326,0.3419203747072599,0.3419203747072599,False
S479,0.5,0.31666666666666676,0.33333333333333326,0.6833333333333332,0.33333333333333326,0.7714285714285714,0.5952380952380951,0.6000000000000001,0.6065573770491803,0.6065573770491803,False
S480,0.625,0.1166666666666667,0.12499999999999989,0.8833333333333333,0.08333333333333326,0.7142857142857144,0.9999999999999998,0.9333333333333336,0.9859484777517562,0.9859484777517564,False
S481,0.0,0.9999999999999999,1.0,0.0,1.0,0.02857142857142847,0.16666666666666652,0.19999999999999996,0.16627634660421542,0.16627634660421542,True
S482,0.0,0.9666666666666667,0.9583333333333333,0.03333333333333333,1.0,0.4285714285714286,0.23809523809523792,0.26666666666666683,0.2365339578454333,0.23653395784543307,True
S483,0.25,0.5499999999999999,0.5416666666666665,0.45,0.5833333333333333,0.657142857142857,0.5238095238095237,0.5333333333333334,0.5175644028103044,0.5175644028103044,False
S484,0.5,0.8333333333333334,0.8333333333333333,0.16666666666666666,0.8333333333333333,0.08571428571428585,0.2142857142857142,0.19999999999999996,0.21545667447306793,0.21545667447306793,False
S485,0.25,0.8333333333333334,0.8333333333333333,0.16666666666666666,0.8333333333333333,0.057142857142857384,0.16666666666666652,0.19999999999999996,0.16627634660421542,0.16627634660421542,True
S486,0.25,0.6333333333333332,0.625,0.3666666666666667,0.6666666666666667,0.4571428571428571,0.4285714285714284,0.4666666666666668,0.44262295081966974,0.44262295081967196,False
S487,0.5,0.29999999999999993,0.2916666666666665,0.7,0.33333333333333326,0.9142857142857141,0.6904761904761905,0.6666666666666665,0.6908665105386418,0.6908665105386416,True
S488,0.625,0.4,0.41666666666666674,0.6,0.41666666666666674,0.48571428571428577,0.30952380952380953,0.33333333333333326,0.3161592505854778,0.31615925058548,True
S489,0.625,0.1333333333333333,0.12499999999999989,0.8666666666666667,0.16666666666666663,0.8285714285714287,0.8095238095238095,0.7999999999999998,0.8173302107728337,0.817330210772834,True
S490,0.375,0.7499999999999999,0.75,0.25,0.75,0.02857142857142847,0.16666666666666652,0.19999999999999996,0.16627634660421542,0.16627634660421542,True
S491,0.375,0.8833333333333334,0.875,0.11666666666666665,0.9166666666666665,0.057142857142857384,0.2857142857142856,0.26666666666666683,0.28805620608899307,0.28805620608899307,False
S492,0.875,0.4999999999999999,0.5,0.5,0.5,0.48571428571428577,0.38095238095238093,0.3999999999999999,0.38875878220140514,0.38875878220140514,True
S493,0.0,0.3833333333333332,0.375,0.6166666666666667,0.41666666666666674,0.48571428571428577,0.45238095238095233,0.4666666666666668,0.4473067915690867,0.4473067915690867,True
S494,0.75,0.9,0.9166666666666665,0.09999999999999999,0.9166666666666665,0.20000000000000018,0.11904761904761885,0.1333333333333333,0.13817330210772827,0.13817330210772827,True
S495,0.0,0.4833333333333333,0.5,0.5166666666666666,0.5,0.3142857142857143,0.5952380952380951,0.6000000000000001,0.585480093676815,0.585480093676815,True
S496,0.5,0.29999999999999993,0.2916666666666665,0.7,0.33333333333333326,0.7142857142857144,0.6428571428571428,0.6666666666666665,0.6510538641686183,0.6510538641686181,True
S497,0.625,0.9666666666666667,0.9583333333333333,0.03333333333333333,1.0,0.3142857142857143,0.04761904761904745,0.06666666666666665,0.06791569086651061,0.06791569086651061,True
S498,0.125,0.033333333333333326,0.04166666666666663,0.9666666666666666,0.0,0.7999999999999998,0.9523809523809523,0.9333333333333336,0.946135831381733,0.9461358313817327,True
S499,0.25,0.2833333333333333,0.2916666666666665,0.7166666666666666,0.25,0.9714285714285715,0.6428571428571428,0.6000000000000001,0.6370023419203747,0.6370023419203747,False
S500,0.25,0.6833333333333332,0.6666666666666667,0.31666666666666665,0.6666666666666667,0.11428571428571455,0.23809523809523792,0.26666666666666683,0.25292740046838413,0.25292740046838413,True
S501,0.875,0.35,0.33333333333333326,0.6499999999999999,0.33333333333333326,0.3142857142857143,0.47619047619047605,0.4666666666666668,0.4824355971896932,0.4824355971896954,True
S502,0.125,0.8166666666666668,0.8333333333333333,0.18333333333333335,0.8333333333333333,0.37142857142857144,0.23809523809523792,0.26666666666666683,0.24590163934426235,0.24590163934426212,True
S503,0.625,0.08333333333333337,0.08333333333333326,0.9166666666666666,0.08333333333333326,0.6000000000000001,0.7619047619047616,0.7333333333333334,0.7681498829039815,0.7681498829039812,True
S504,0.25,0.35,0.33333333333333326,0.6499999999999999,0.33333333333333326,0.6285714285714286,0.33333333333333326,0.33333333333333326,0.3348946135831359,0.3348946135831381,True
S505,0.625,0.8666666666666666,0.875,0.13333333333333333,0.8333333333333333,0.057142857142857384,0.19047619047619047,0.19999999999999996,0.2084309133489437,0.20843091334894592,False
S506,0.75,0.15000000000000002,0.16666666666666663,0.8499999999999999,0.16666666666666663,0.8571428571428572,0.8809523809523807,0.8666666666666667,0.8711943793911006,0.8711943793911008,True
S507,0.75,0.8000000000000002,0.7916666666666667,0.19999999999999998,0.8333333333333333,0.17142857142857149,0.2857142857142856,0.26666666666666683,0.28337236533957855,0.2833723653395783,True
S508,0.25,0.85,0.8333333333333333,0.15,0.8333333333333333,0.08571428571428585,0.16666666666666652,0.19999999999999996,0.16627634660421542,0.16627634660421542,True
S509,0.75,0.41666666666666663,0.41666666666666674,0.5833333333333333,0.41666666666666674,0.37142857142857144,0.5238095238095237,0.5333333333333334,0.5175644028103044,0.5175644028103044,False
S510,0.375,0.45000000000000007,0.4583333333333335,0.5499999999999999,0.41666666666666674,0.5428571428571431,0.47619047619047605,0.4666666666666668,0.46838407494145207,0.46838407494145207,False
S511,0.875,0.5333333333333333,0.5416666666666665,0.4666666666666666,0.5,0.40000000000000013,0.4285714285714284,0.4666666666666668,0.4355971896955504,0.4355971896955504,True
S512,0.875,0.5499999999999999,0.5416666666666665,0.45,0.5833333333333333,0.34285714285714297,0.45238095238095233,0.4666666666666668,0.44964871194379397,0.44964871194379397,False
S513,0.125,0.4,0.41666666666666674,0.6,0.41666666666666674,0.657142857142857,0.33333333333333326,0.33333333333333326,0.3489461358313819,0.3489461358313817,True
S514,0.125,0.04999999999999993,0.04166666666666663,0.95,0.08333333333333326,0.7142857142857144,0.9047619047619044,0.8666666666666667,0.8899297423887587,0.8899297423887589,False
S515,1.0,0.6,0.5833333333333333,0.39999999999999997,0.5833333333333333,0.5428571428571431,0.5476190476190474,0.5333333333333334,0.5550351288056206,0.5550351288056206,False
S516,0.0,0.25,0.25,0.75,0.25,0.7142857142857144,0.8809523809523807,0.8666666666666667,0.8852459016393441,0.8852459016393439,True
S517,0.125,0.2666666666666666,0.25,0.7333333333333334,0.25,0.7142857142857144,0.9285714285714286,0.9333333333333336,0.9344262295081964,0.9344262295081966,True
S518,0.25,0.9499999999999998,0.9583333333333333,0.049999999999999996,0.9166666666666665,0.17142857142857149,0.11904761904761885,0.1333333333333333,0.12880562060889922,0.12880562060889922,True
S519,0.875,0.1166666666666667,0.12499999999999989,0.8833333333333333,0.08333333333333326,0.7999999999999998,0.5476190476190474,0.5333333333333334,0.5573770491803278,0.5573770491803278,True
S520,0.0,0.0,0.0,1.0,0.0,0.8857142857142857,0.6190476190476188,0.6000000000000001,0.6159250585480094,0.6159250585480096,False
S521,0.5,0.7666666666666665,0.75,0.2333333333333333,0.75,0.3142857142857143,0.2857142857142856,0.26666666666666683,0.29039812646370033,0.29039812646370033,False
S522,0.625,0.7833333333333331,0.7916666666666667,0.21666666666666667,0.75,0.02857142857142847,0.19047619047619047,0.19999999999999996,0.19672131147540983,0.19672131147540983,False
S523,0.25,0.3833333333333332,0.375,0.6166666666666667,0.41666666666666674,0.48571428571428577,0.5476190476190474,0.5333333333333334,0.5480093676814988,0.5480093676814988,False
S524,0.375,0.0,0.0,1.0,0.0,0.657142857142857,0.9523809523809523,0.9333333333333336,0.9414519906323184,0.9414519906323182,True
S525,0.875,0.7166666666666667,0.7083333333333333,0.2833333333333333,0.75,0.37142857142857144,0.09523809523809512,0.1333333333333333,0.1124121779859486,0.1124121779859486,False
S526,1.0,0.21666666666666667,0.20833333333333337,0.7833333333333333,0.25,0.8285714285714287,0.857142857142857,0.8666666666666667,0.8571428571428574,0.8571428571428572,False
S527,0.5,0.9333333333333332,0.9166666666666665,0.06666666666666667,0.9166666666666665,0.3142857142857143,0.023809523809523725,0.06666666666666665,0.0374707259953162,0.0374707259953162,False
S528,1.0,0.7166666666666667,0.7083333333333333,0.2833333333333333,0.75,0.37142857142857144,0.04761904761904745,0.06666666666666665,0.060889929742388826,0.060889929742388604,True
S529,0.5,0.1166666666666667,0.12499999999999989,0.8833333333333333,0.08333333333333326,0.6857142857142859,0.7857142857142854,0.7333333333333334,0.779859484777518,0.7798594847775178,False
S530,0.25,0.33333333333333337,0.33333333333333326,0.6666666666666666,0.33333333333333326,0.34285714285714297,0.30952380952380953,0.33333333333333326,0.30913348946135843,0.30913348946135843,True
S531,0.875,0.7333333333333333,0.75,0.26666666666666666,0.75,0.40000000000000013,0.09523809523809512,0.1333333333333333,0.10070257611240985,0.10070257611241207,True
S532,0.0,0.4666666666666667,0.4583333333333335,0.5333333333333333,0.5,0.5142857142857142,0.5714285714285714,0.6000000000000001,0.5761124121779859,0.5761124121779859,False
S533,0.625,0.45000000000000007,0.4583333333333335,0.5499999999999999,0.41666666666666674,0.37142857142857144,0.38095238095238093,0.3999999999999999,0.3793911007025761,0.3793911007025761,True
S534,0.625,0.08333333333333337,0.08333333333333326,0.9166666666666666,0.08333333333333326,0.7428571428571429,0.7142857142857142,0.7333333333333334,0.7189695550351287,0.7189695550351289,True
S535,0.75,0.016666666666666607,0.0,0.9833333333333334,0.0,0.9142857142857141,0.6666666666666665,0.6666666666666665,0.676814988290398,0.6768149882903982,False
S536,0.375,0.65,0.6666666666666667,0.35,0.6666666666666667,0.5428571428571431,0.45238095238095233,0.4666666666666668,0.46370023419203754,0.46370023419203754,True
S537,0.0,0.9666666666666667,0.9583333333333333,0.03333333333333333,1.0,0.0,0.26190476190476186,0.26666666666666683,0.2576112412177962,0.25761124121779844,True
S538,0.875,0.7833333333333331,0.7916666666666667,0.21666666666666667,0.75,0.17142857142857149,0.1428571428571428,0.1333333333333333,0.1405152224824333,0.14051522248243553,True
S539,0.375,0.7166666666666667,0.7083333333333333,0.2833333333333333,0.75,0.25714285714285734,0.2857142857142856,0.26666666666666683,0.2857142857142856,0.2857142857142856,False
S540,0.125,0.9833333333333333,1.0,0.016666666666666666,1.0,0.22857142857142865,0.0714285714285714,0.06666666666666665,0.0725995316159227,0.07259953161592492,True
S541,0.75,0.9666666666666667,0.9583333333333333,0.03333333333333333,1.0,0.14285714285714302,0.023809523809523725,0.06666666666666665,0.023419203747070183,0.023419203747072403,False
S542,0.5,0.9,0.9166666666666665,0.09999999999999999,0.9166666666666665,0.14285714285714302,0.26190476190476186,0.26666666666666683,0.2576112412177962,0.25761124121779844,False
S543,0.0,0.6333333333333332,0.625,0.3666666666666667,0.6666666666666667,0.5714285714285716,0.40476190476190466,0.3999999999999999,0.4145199063231826,0.4145199063231848,True
S544,0.125,0.9166666666666666,0.9166666666666665,0.08333333333333333,0.9166666666666665,0.20000000000000018,0.0714285714285714,0.1333333333333333,0.08899297423887598,0.08899297423887575,False
S545,0.625,0.15000000000000002,0.16666666666666663,0.8499999999999999,0.16666666666666663,0.8285714285714287,0.5476190476190474,0.5333333333333334,0.5433255269320845,0.5433255269320845,True
S546,0.5,0.9499999999999998,0.9583333333333333,0.049999999999999996,0.9166666666666665,0.11428571428571455,0.1428571428571428,0.19999999999999996,0.16159250585480112,0.1615925058548009,False
S547,0.25,0.08333333333333337,0.08333333333333326,0.9166666666666666,0.08333333333333326,0.9142857142857141,0.6666666666666665,0.6666666666666665,0.6674473067915692,0.6674473067915689,False
S548,0.0,0.8666666666666666,0.875,0.13333333333333333,0.8333333333333333,0.37142857142857144,0.1428571428571428,0.1333333333333333,0.14754098360655732,0.14754098360655732,False
S549,1.0,0.9999999999999999,1.0,0.0,1.0,0.17142857142857149,0.1428571428571428,0.19999999999999996,0.16159250585480112,0.1615925058548009,False
S550,1.0,0.6333333333333332,0.625,0.3666666666666667,0.6666666666666667,0.4571428571428571,0.45238095238095233,0.4666666666666668,0.44496487119437944,0.44496487119437944,False
S551,0.625,0.2666666666666666,0.25,0.7333333333333334,0.25,0.8285714285714287,0.7380952380952379,0.7333333333333334,0.7423887587822016,0.7423887587822016,False
S552,0.0,0.016666666666666607,0.0,0.9833333333333334,0.0,0.9142857142857141,0.5476190476190474,0.5333333333333334,0.5456674473067915,0.5456674473067915,True
S553,0.875,0.4,0.41666666666666674,0.6,0.41666666666666674,0.7142857142857144,0.5714285714285714,0.5333333333333334,0.5714285714285716,0.5714285714285714,False
S554,0.0,0.7166666666666667,0.7083333333333333,0.2833333333333333,0.75,0.2857142857142858,0.0714285714285714,0.06666666666666665,0.0749414519906324,0.0749414519906324,True
S555,0.5,0.9666666666666667,0.9583333333333333,0.03333333333333333,1.0,0.37142857142857144,0.2142857142857142,0.26666666666666683,0.23185011709601877,0.23185011709601877,False
S556,0.875,0.7833333333333331,0.7916666666666667,0.21666666666666667,0.75,0.22857142857142865,0.09523809523809512,0.1333333333333333,0.11475409836065587,0.11475409836065564,False
